state,district,latitude,longitude,water_bodies_count,coastal_exposure,pre_monsoon_water_table_m_bgl,post_monsoon_water_table_m_bgl,seasonal_rise_m,monsoon_rainfall_mm,river_proximity_km,urban_drainage_stress,wetland_buffer_index,rainfall_scenario,flood_risk_score,predicted_flood_risk_score
Odisha,Angul,20.9724,84.94643,73104,0,2.85,0.2,2.65,173.6,0.99,0.602,0.593,heavy_rain,38.96,39.16
Odisha,Angul,20.65383,84.94313,94813,0,4.75,1.43,3.32,132.1,1.12,0.577,0.127,heavy_rain,45.58,42.22
Odisha,Angul,20.71308,85.03402,88724,0,7.77,5.92,1.85,184.7,5.77,0.514,0.139,heavy_rain,36.61,35.23
Odisha,Angul,21.05117,85.29126,93742,0,3.4,1.33,2.07,148.5,3.17,0.49,0.6,heavy_rain,38.69,36.94
Odisha,Angul,20.81585,85.23374,105638,0,2.84,1.61,1.23,154.4,14.78,0.877,0.544,heavy_rain,38.42,36.51
Odisha,Angul,20.91314,85.17852,73534,0,8.82,7.86,0.96,120.0,1.95,0.98,0.2,heavy_rain,33.93,28.42
Odisha,Angul,20.87673,85.22038,99534,0,6.86,3.67,3.19,196.0,2.08,0.937,0.13,heavy_rain,45.89,43.1
Odisha,Angul,20.8018,84.99335,89612,0,4.24,3.09,1.15,152.3,1.76,0.76,0.104,heavy_rain,38.97,34.18
Odisha,Angul,20.80507,85.06808,79750,0,8.12,6.64,1.48,160.7,10.81,0.93,0.28,heavy_rain,32.89,34.32
Odisha,Angul,20.88219,85.04859,97662,0,2.23,0.2,2.03,140.0,13.25,0.644,0.552,heavy_rain,38.33,38.88
Odisha,Angul,20.61032,84.93962,87773,0,5.42,3.42,1.99,143.4,1.18,0.757,0.403,heavy_rain,40.68,37.04
Odisha,Angul,20.75904,84.9551,91932,0,5.27,2.81,2.46,158.8,10.68,0.834,0.622,heavy_rain,40.11,37.99
Odisha,Angul,20.8468,85.25387,88591,0,3.14,0.22,2.93,178.0,13.81,0.959,0.808,heavy_rain,39.88,39.81
Odisha,Angul,20.99603,85.057,93126,0,1.88,0.2,1.68,156.9,8.72,0.76,0.617,heavy_rain,36.76,35.13
Odisha,Angul,20.80765,85.01005,80444,0,5.82,3.21,2.6,153.9,5.91,0.834,0.355,heavy_rain,42.13,39.25
Odisha,Angul,20.81946,85.19858,91180,0,3.18,0.67,2.51,154.5,3.88,0.636,0.412,heavy_rain,42.21,38.72
Odisha,Angul,21.04671,85.15351,100533,0,3.94,1.73,2.21,179.0,5.12,0.724,0.815,heavy_rain,41.74,40.65
Odisha,Angul,20.74138,85.01868,91039,0,7.11,5.82,1.28,128.0,1.11,0.852,0.681,heavy_rain,35.57,36.05
Odisha,Angul,20.75639,85.15629,93347,0,1.72,0.31,1.41,156.4,14.27,0.967,0.6,heavy_rain,37.71,35.35
Odisha,Angul,20.77629,85.31867,85763,0,6.58,5.09,1.49,192.5,4.14,0.647,0.586,heavy_rain,33.08,31.83
Odisha,Angul,20.71721,84.98772,86928,0,8.09,5.91,2.19,120.0,3.59,0.74,0.329,heavy_rain,37.35,37.34
Odisha,Angul,20.98273,84.85119,89351,0,3.22,1.69,1.53,174.2,5.87,0.98,0.826,heavy_rain,35.81,35.28
Odisha,Balangir,20.61274,83.65969,90392,0,2.84,0.2,2.64,147.7,13.13,0.616,0.466,heavy_rain,40.5,37.87
Odisha,Balangir,20.68587,83.33917,110325,0,8.2,6.4,1.81,181.8,0.11,0.98,0.813,heavy_rain,50.38,39.92
Odisha,Balangir,20.67106,83.60266,90591,0,3.59,0.33,3.25,141.5,0.61,0.409,0.534,heavy_rain,43.24,40.15
Odisha,Balangir,20.75828,83.52434,81085,0,8.47,7.36,1.11,131.1,9.5,0.658,0.157,heavy_rain,30.66,30.98
Odisha,Balangir,20.64758,83.3681,91825,0,7.25,4.89,2.35,154.3,8.83,0.513,0.713,heavy_rain,38.12,37.37
Odisha,Balangir,20.55431,83.34276,92641,0,6.55,5.11,1.44,174.8,8.41,0.606,0.398,heavy_rain,38.23,34.53
Odisha,Balangir,20.97105,83.58983,105511,0,7.56,5.53,2.03,129.1,9.33,0.451,0.195,heavy_rain,38.33,40.29
Odisha,Balangir,20.68842,83.50429,83727,0,8.87,6.25,2.62,141.4,3.74,0.492,0.52,heavy_rain,35.24,37.6
Odisha,Balangir,20.35799,83.32093,96194,0,2.06,0.2,1.86,138.2,2.47,0.98,0.833,heavy_rain,39.31,37.75
Odisha,Balangir,20.78164,83.58377,91879,0,7.84,4.79,3.05,120.0,9.45,0.98,0.596,heavy_rain,42.19,40.75
Odisha,Balangir,20.67476,83.47374,86541,0,2.32,0.2,2.12,124.4,0.66,0.746,0.397,heavy_rain,42.35,37.31
Odisha,Balangir,20.59667,83.63945,99806,0,2.73,0.38,2.34,182.7,14.18,0.906,0.686,heavy_rain,45.27,41.02
Odisha,Balangir,20.75081,83.85794,92786,0,3.46,1.57,1.89,177.3,9.98,0.944,0.377,heavy_rain,40.43,37.53
Odisha,Balangir,20.80822,83.26897,79848,0,8.73,7.47,1.26,120.0,1.8,0.486,0.533,heavy_rain,29.9,30.68
Odisha,Balangir,20.66952,83.66597,92069,0,5.45,4.43,1.02,150.7,7.0,0.659,0.37,heavy_rain,35.25,32.66
Odisha,Balangir,20.7596,83.27039,89744,0,2.24,1.14,1.11,146.9,5.47,0.98,0.693,heavy_rain,35.56,33.88
Odisha,Balangir,20.57819,83.57927,84295,0,2.86,0.2,2.66,172.9,0.1,0.977,0.428,heavy_rain,49.13,40.16
Odisha,Balangir,20.69277,83.38774,91381,0,3.76,2.54,1.22,165.8,3.95,0.485,0.412,heavy_rain,33.49,33.83
Odisha,Balangir,20.46009,83.48088,93633,0,2.23,0.2,2.03,122.2,4.63,0.881,0.846,heavy_rain,39.0,37.34
Odisha,Balangir,20.64615,83.37085,89257,0,5.17,3.64,1.53,131.6,0.29,0.75,0.516,heavy_rain,38.12,36.67
Odisha,Balangir,20.52352,83.28173,98104,0,4.52,2.9,1.62,123.5,14.57,0.98,0.117,heavy_rain,41.11,37.72
Odisha,Balangir,20.71177,83.57216,87547,0,8.7,5.62,3.08,150.9,8.32,0.708,0.423,heavy_rain,42.86,40.12
Odisha,Balasore,21.39074,87.02851,95350,1,1.74,0.2,1.54,140.1,10.19,0.815,0.434,heavy_rain,49.31,46.07
Odisha,Balasore,21.76116,86.9498,106557,1,6.46,3.33,3.13,172.8,6.14,0.98,0.085,heavy_rain,58.87,54.53
Odisha,Balasore,21.20256,86.96237,86477,1,1.26,0.2,1.06,178.4,10.08,0.942,0.236,heavy_rain,46.03,44.17
Odisha,Balasore,21.55763,86.95689,101566,1,2.2,0.2,2.0,165.0,1.83,0.912,0.249,heavy_rain,52.87,48.9
Odisha,Balasore,21.5884,86.96264,100173,1,7.76,4.3,3.47,130.3,14.13,0.734,0.826,heavy_rain,50.91,52.49
Odisha,Balasore,21.53949,87.08453,102833,1,1.19,0.2,0.99,161.1,9.04,0.756,0.717,heavy_rain,46.64,45.05
Odisha,Balasore,21.71686,86.88368,113524,1,5.58,3.46,2.12,142.4,10.61,0.423,0.409,heavy_rain,48.19,50.9
Odisha,Balasore,21.35229,86.76438,100821,1,2.01,0.2,1.81,129.7,12.57,0.527,0.643,heavy_rain,48.12,47.8
Odisha,Balasore,21.32811,87.03847,108149,1,4.65,1.75,2.9,120.0,13.57,0.801,0.486,heavy_rain,56.57,53.73
Odisha,Balasore,21.62608,86.81599,99379,1,1.43,0.2,1.23,136.8,1.4,0.519,0.515,heavy_rain,46.27,45.21
Odisha,Balasore,21.60198,87.16091,97746,1,6.89,5.12,1.78,184.9,10.08,0.648,0.58,heavy_rain,45.0,47.72
Odisha,Balasore,21.51837,87.03344,97594,1,3.91,2.4,1.51,136.4,13.21,0.98,0.552,heavy_rain,47.64,46.41
Odisha,Balasore,21.37315,87.05032,113958,1,4.58,0.93,3.65,130.8,0.1,0.806,0.187,heavy_rain,68.0,55.25
Odisha,Balasore,21.39255,86.84557,108046,1,4.38,1.66,2.71,133.9,1.74,0.78,0.215,heavy_rain,54.19,53.75
Odisha,Balasore,21.69989,87.05269,108247,1,1.3,0.2,1.1,142.5,9.81,0.693,0.708,heavy_rain,50.71,45.36
Odisha,Balasore,21.40373,86.86135,101287,1,7.8,4.7,3.1,120.0,9.4,0.574,0.211,heavy_rain,52.0,53.09
Odisha,Balasore,21.52364,87.07856,115590,1,3.53,0.2,3.33,133.2,10.99,0.951,0.767,heavy_rain,59.25,52.85
Odisha,Balasore,21.4017,86.835,105895,1,1.61,0.2,1.41,163.1,6.51,0.522,0.642,heavy_rain,46.39,45.59
Odisha,Balasore,21.70118,86.97057,110907,1,4.69,1.16,3.53,126.3,11.77,0.98,0.543,heavy_rain,61.27,53.51
Odisha,Balasore,21.5603,87.00547,106510,1,6.81,4.06,2.75,163.7,3.96,0.605,0.356,heavy_rain,53.04,52.74
Odisha,Balasore,21.57891,87.01145,108393,1,6.98,5.41,1.57,157.6,11.31,0.892,0.784,heavy_rain,46.2,49.42
Odisha,Balasore,21.38831,87.03227,88484,1,7.64,4.0,3.64,162.1,0.85,0.78,0.799,heavy_rain,60.44,54.58
Odisha,Bargarh,21.24481,83.54423,85271,0,5.53,3.54,1.99,154.0,3.59,0.456,0.684,heavy_rain,35.13,34.16
Odisha,Bargarh,21.39313,83.68226,95400,0,6.23,4.85,1.38,164.2,14.53,0.943,0.45,heavy_rain,40.45,36.29
Odisha,Bargarh,21.40735,83.58131,107680,0,8.65,5.51,3.14,145.7,8.51,0.98,0.135,heavy_rain,51.03,42.51
Odisha,Bargarh,21.14309,83.61971,93981,0,6.18,3.47,2.71,125.4,0.74,0.76,0.639,heavy_rain,43.76,40.85
Odisha,Bargarh,21.28683,83.48058,84886,0,4.18,2.18,2.0,171.6,4.63,0.729,0.088,heavy_rain,40.52,35.75
Odisha,Bargarh,21.4718,83.69827,92457,0,8.53,5.67,2.86,180.1,10.94,0.587,0.509,heavy_rain,44.43,39.12
Odisha,Bargarh,21.39793,83.55309,83560,0,5.59,3.45,2.14,180.6,10.48,0.98,0.446,heavy_rain,39.62,35.93
Odisha,Bargarh,21.28603,83.63251,94633,0,7.77,4.58,3.19,163.0,4.59,0.98,0.545,heavy_rain,50.32,42.15
Odisha,Bargarh,21.44154,83.4504,102047,0,1.56,0.2,1.36,188.0,13.34,0.829,0.5,heavy_rain,40.49,37.37
Odisha,Bargarh,21.37782,83.66789,100773,0,7.72,5.49,2.24,150.8,6.29,0.876,0.51,heavy_rain,41.01,41.1
Odisha,Bargarh,21.22958,83.49614,90254,0,3.49,2.2,1.29,157.5,0.53,0.669,0.56,heavy_rain,38.09,35.98
Odisha,Bargarh,21.34605,83.55023,91546,0,6.5,4.27,2.24,147.6,3.05,0.548,0.782,heavy_rain,37.25,37.36
Odisha,Bargarh,21.48209,83.47355,102998,0,6.79,5.79,1.0,155.6,0.43,0.857,0.248,heavy_rain,40.33,36.74
Odisha,Bargarh,21.31723,83.3501,103060,0,6.25,5.22,1.03,167.5,9.91,0.78,0.168,heavy_rain,37.12,36.38
Odisha,Bargarh,21.46068,83.75093,94661,0,7.93,4.64,3.3,126.9,7.73,0.646,0.173,heavy_rain,45.49,41.44
Odisha,Bargarh,21.36877,83.68975,76339,0,6.76,5.8,0.96,142.0,12.02,0.939,0.728,heavy_rain,31.0,27.67
Odisha,Bargarh,21.30807,83.58723,93701,0,4.25,3.24,1.01,175.4,12.91,0.977,0.374,heavy_rain,34.49,33.18
Odisha,Bargarh,21.20673,83.49838,98370,0,3.24,0.49,2.75,150.9,11.51,0.909,0.537,heavy_rain,42.27,41.99
Odisha,Bargarh,21.23649,83.63004,93123,0,2.4,0.2,2.2,150.5,8.11,0.98,0.702,heavy_rain,40.57,38.43
Odisha,Bargarh,21.4038,83.80405,91452,0,3.2,0.48,2.72,162.6,12.4,0.98,0.235,heavy_rain,42.81,40.0
Odisha,Bargarh,21.57441,83.54182,76550,0,4.92,3.53,1.4,151.1,8.23,0.431,0.628,heavy_rain,27.23,28.76
Odisha,Bargarh,21.09066,83.70067,96964,0,4.02,0.77,3.25,180.7,0.66,0.573,0.436,heavy_rain,47.19,42.88
Odisha,Bhadrak,21.1041,86.36652,98776,1,6.63,3.48,3.15,135.5,12.54,0.776,0.642,heavy_rain,53.11,53.03
Odisha,Bhadrak,20.93441,86.62375,108811,1,2.87,1.29,1.58,178.6,12.12,0.737,0.473,heavy_rain,52.4,50.42
Odisha,Bhadrak,20.99047,86.53561,103493,1,1.87,0.2,1.67,172.2,7.64,0.445,0.231,heavy_rain,47.75,47.36
Odisha,Bhadrak,21.00088,86.68416,99191,1,1.0,0.2,0.8,147.0,0.2,0.766,0.112,heavy_rain,52.27,47.95
Odisha,Bhadrak,20.84964,86.67515,101992,1,2.79,0.2,2.59,164.6,11.09,0.548,0.098,heavy_rain,52.21,50.95
Odisha,Bhadrak,21.02858,86.44201,102990,1,8.07,6.0,2.07,169.5,13.36,0.676,0.844,heavy_rain,49.4,47.87
Odisha,Bhadrak,21.13823,86.46107,89672,1,7.53,3.8,3.72,147.4,9.2,0.98,0.699,heavy_rain,54.54,52.36
Odisha,Bhadrak,21.05208,86.56773,114325,1,4.21,0.86,3.35,136.5,6.99,0.98,0.644,heavy_rain,60.96,53.19
Odisha,Bhadrak,21.10241,86.61177,95202,1,6.12,3.83,2.29,164.2,5.41,0.569,0.423,heavy_rain,51.01,46.89
Odisha,Bhadrak,20.97569,86.47627,103274,1,4.62,1.78,2.84,146.1,9.27,0.631,0.147,heavy_rain,55.84,53.21
Odisha,Bhadrak,20.97466,86.58225,106288,1,1.35,0.2,1.15,173.4,6.29,0.756,0.301,heavy_rain,48.92,46.88
Odisha,Bhadrak,20.99908,86.23739,100441,1,5.39,3.81,1.57,150.5,2.85,0.508,0.145,heavy_rain,48.13,47.17
Odisha,Bhadrak,21.13343,86.38582,90160,1,5.18,2.27,2.91,131.5,2.16,0.867,0.812,heavy_rain,51.68,53.08
Odisha,Bhadrak,21.21762,86.44657,87455,1,5.52,2.71,2.81,207.6,6.02,0.869,0.757,heavy_rain,53.97,52.49
Odisha,Bhadrak,21.02156,86.45536,102515,1,6.59,4.11,2.47,123.1,5.92,0.847,0.608,heavy_rain,54.61,51.35
Odisha,Bhadrak,21.00015,86.52284,99824,1,1.55,0.2,1.35,128.1,0.51,0.885,0.23,heavy_rain,52.6,48.17
Odisha,Bhadrak,21.21249,86.27055,98111,1,1.72,0.2,1.52,147.4,0.9,0.742,0.63,heavy_rain,45.77,48.07
Odisha,Bhadrak,20.76339,86.41232,87154,1,4.87,2.7,2.16,120.0,4.0,0.55,0.245,heavy_rain,46.29,46.32
Odisha,Bhadrak,20.94198,86.57976,81240,1,2.5,0.2,2.3,149.5,6.14,0.433,0.225,heavy_rain,43.75,46.68
Odisha,Bhadrak,20.78586,86.38991,84167,1,7.99,4.94,3.05,136.2,9.28,0.98,0.576,heavy_rain,47.53,52.51
Odisha,Bhadrak,21.2208,86.66582,104440,1,3.23,1.8,1.43,156.7,9.09,0.98,0.404,heavy_rain,47.55,46.66
Odisha,Bhadrak,21.30652,86.57847,120056,1,2.11,0.72,1.39,151.4,9.89,0.98,0.597,heavy_rain,53.32,47.97
Odisha,Boudh,20.93626,84.35279,85404,0,8.16,5.45,2.71,163.2,11.86,0.817,0.732,heavy_rain,38.88,38.87
Odisha,Boudh,20.90992,84.19921,81394,0,7.19,4.04,3.15,168.8,11.7,0.433,0.084,heavy_rain,40.6,39.61
Odisha,Boudh,20.78839,84.34801,92359,0,8.6,5.21,3.38,157.3,5.4,0.452,0.42,heavy_rain,45.62,39.36
Odisha,Boudh,20.89647,84.22448,105416,0,5.2,2.8,2.4,131.7,0.38,0.98,0.128,heavy_rain,47.09,41.97
Odisha,Boudh,20.89112,84.35871,83473,0,6.13,2.71,3.42,135.5,3.4,0.462,0.379,heavy_rain,41.26,39.36
Odisha,Boudh,20.73496,84.42404,92119,0,5.34,2.85,2.5,151.8,0.38,0.923,0.306,heavy_rain,45.62,40.3
Odisha,Boudh,20.84072,84.34346,96236,0,3.87,1.78,2.09,120.0,8.49,0.434,0.492,heavy_rain,39.62,37.79
Odisha,Boudh,20.86887,84.29891,96785,0,4.32,2.83,1.49,135.3,7.83,0.892,0.6,heavy_rain,38.19,36.85
Odisha,Boudh,20.83093,84.17533,98448,0,4.67,2.95,1.72,120.4,9.44,0.574,0.32,heavy_rain,36.08,37.13
Odisha,Boudh,20.75048,84.34439,80372,0,2.78,1.74,1.04,192.7,8.13,0.771,0.249,heavy_rain,33.75,31.14
Odisha,Boudh,20.92648,84.40477,81307,0,8.09,5.29,2.8,125.9,0.1,0.505,0.723,heavy_rain,44.41,39.46
Odisha,Boudh,20.79594,84.23465,99618,0,8.0,5.25,2.75,164.6,6.36,0.749,0.381,heavy_rain,42.95,41.87
Odisha,Boudh,20.76341,84.25887,80397,0,5.53,2.31,3.22,154.1,0.52,0.652,0.786,heavy_rain,41.91,40.38
Odisha,Boudh,20.9928,84.34218,95825,0,2.57,1.6,0.97,132.7,14.17,0.98,0.086,heavy_rain,34.49,33.2
Odisha,Boudh,20.83958,83.90577,86313,0,5.9,2.9,3.0,120.0,5.49,0.752,0.562,heavy_rain,38.72,40.79
Odisha,Boudh,20.72375,84.24775,103773,0,1.85,0.2,1.65,131.8,8.74,0.89,0.092,heavy_rain,42.18,39.33
Odisha,Boudh,20.67185,84.33284,101200,0,1.93,0.26,1.67,120.0,4.59,0.98,0.398,heavy_rain,40.13,38.63
Odisha,Boudh,21.00718,84.28546,84073,0,4.15,1.78,2.37,148.7,2.51,0.98,0.816,heavy_rain,41.2,38.03
Odisha,Boudh,20.85738,84.23823,86728,0,1.61,0.2,1.41,133.9,10.03,0.434,0.594,heavy_rain,31.47,30.66
Odisha,Boudh,20.99106,84.18185,96621,0,8.43,5.73,2.7,171.5,4.97,0.432,0.123,heavy_rain,39.33,40.15
Odisha,Boudh,20.73196,84.40774,94394,0,7.43,4.39,3.04,166.7,1.64,0.439,0.502,heavy_rain,40.29,40.82
Odisha,Boudh,20.94876,84.36929,99514,0,2.11,0.2,1.91,141.4,10.71,0.98,0.68,heavy_rain,36.42,38.47
Odisha,Cuttack,20.49346,85.96779,95715,0,5.59,2.33,3.25,120.2,3.61,0.823,0.171,heavy_rain,44.85,42.51
Odisha,Cuttack,20.49397,85.90369,105679,0,6.13,2.89,3.24,161.5,2.82,0.98,0.644,heavy_rain,49.22,42.49
Odisha,Cuttack,20.29027,85.95687,87891,0,1.97,0.2,1.77,183.3,10.09,0.98,0.429,heavy_rain,37.79,35.89
Odisha,Cuttack,20.53995,85.8356,87288,0,7.29,4.88,2.41,155.6,6.86,0.492,0.086,heavy_rain,38.67,37.09
Odisha,Cuttack,20.45319,85.87836,91523,0,5.39,3.88,1.51,175.4,14.66,0.905,0.725,heavy_rain,35.32,35.71
Odisha,Cuttack,20.52704,85.80042,88418,0,4.17,1.68,2.49,127.2,14.67,0.923,0.49,heavy_rain,40.19,37.85
Odisha,Cuttack,20.36234,85.73186,100126,0,2.92,0.32,2.6,151.3,0.94,0.432,0.145,heavy_rain,43.12,41.27
Odisha,Cuttack,20.4969,85.87659,91159,0,6.87,3.54,3.34,140.9,4.22,0.98,0.777,heavy_rain,43.0,40.7
Odisha,Cuttack,20.3922,85.63796,81680,0,7.55,4.62,2.93,168.9,6.24,0.753,0.72,heavy_rain,36.61,39.85
Odisha,Cuttack,20.47637,85.95672,99378,0,3.36,0.2,3.16,129.0,6.94,0.862,0.488,heavy_rain,45.61,42.49
Odisha,Cuttack,20.27468,85.91638,91605,0,8.24,6.79,1.45,135.2,4.23,0.475,0.102,heavy_rain,34.95,35.52
Odisha,Cuttack,20.44978,85.90282,91311,0,1.79,0.2,1.59,136.9,5.99,0.527,0.389,heavy_rain,32.18,34.42
Odisha,Cuttack,20.50278,86.11519,83224,0,8.45,7.42,1.03,120.0,6.55,0.617,0.471,heavy_rain,28.73,30.54
Odisha,Cuttack,20.53303,85.84476,96851,0,3.01,0.31,2.7,120.0,8.51,0.714,0.122,heavy_rain,41.62,42.25
Odisha,Cuttack,20.54701,85.80285,98474,0,5.34,2.78,2.56,171.1,7.87,0.958,0.488,heavy_rain,45.43,41.2
Odisha,Cuttack,20.57343,85.71286,92149,0,3.08,0.28,2.81,127.5,7.87,0.854,0.485,heavy_rain,44.67,39.76
Odisha,Cuttack,20.3282,85.89138,99064,0,2.16,0.2,1.96,126.1,4.01,0.595,0.721,heavy_rain,35.38,37.06
Odisha,Cuttack,20.53051,85.84708,95319,0,7.23,4.83,2.4,198.4,6.22,0.98,0.819,heavy_rain,40.94,40.33
Odisha,Cuttack,20.56166,85.59605,86932,0,2.2,1.13,1.08,176.1,12.18,0.468,0.59,heavy_rain,30.24,30.41
Odisha,Cuttack,20.36784,86.18365,101565,0,4.61,2.63,1.98,135.5,0.1,0.562,0.464,heavy_rain,46.0,39.72
Odisha,Cuttack,20.40548,86.00714,86155,0,6.79,4.09,2.7,120.0,0.1,0.501,0.295,heavy_rain,42.82,39.93
Odisha,Cuttack,20.63743,85.85974,82795,0,4.67,3.54,1.13,158.6,4.26,0.83,0.839,heavy_rain,28.87,32.28
Odisha,Deogarh,21.59248,84.53619,74041,0,7.01,3.81,3.2,170.5,6.67,0.98,0.8,heavy_rain,40.83,39.39
Odisha,Deogarh,21.71426,84.74169,94366,0,1.77,0.2,1.57,131.6,1.69,0.738,0.202,heavy_rain,41.81,38.0
Odisha,Deogarh,21.55967,84.89763,94269,0,3.83,0.61,3.22,169.3,8.93,0.572,0.852,heavy_rain,43.93,40.47
Odisha,Deogarh,21.67955,84.7285,93135,0,5.92,2.65,3.28,195.8,13.25,0.496,0.118,heavy_rain,42.95,40.47
Odisha,Deogarh,21.66149,84.79302,87782,0,7.88,4.99,2.89,147.9,13.87,0.759,0.784,heavy_rain,38.02,40.05
Odisha,Deogarh,21.55822,84.6779,84565,0,7.82,6.04,1.78,188.6,1.43,0.959,0.218,heavy_rain,37.87,36.8
Odisha,Deogarh,21.4663,84.7965,88125,0,1.67,0.2,1.47,173.0,11.46,0.492,0.466,heavy_rain,33.7,32.8
Odisha,Deogarh,21.51477,84.80334,107559,0,5.98,2.72,3.27,155.6,10.79,0.619,0.489,heavy_rain,46.5,41.91
Odisha,Deogarh,21.58223,84.58763,94887,0,4.68,2.53,2.15,152.4,0.1,0.98,0.417,heavy_rain,48.8,40.37
Odisha,Deogarh,21.6412,84.6799,104761,0,4.63,2.75,1.88,150.7,2.72,0.937,0.423,heavy_rain,43.84,40.35
Odisha,Deogarh,21.38799,84.93718,88922,0,6.02,2.92,3.1,121.3,1.08,0.582,0.304,heavy_rain,44.65,41.46
Odisha,Deogarh,21.46282,84.77474,79982,0,7.98,4.87,3.11,167.1,0.1,0.98,0.47,heavy_rain,46.99,41.02
Odisha,Deogarh,21.58959,85.03044,92887,0,8.12,4.77,3.35,134.9,5.67,0.898,0.577,heavy_rain,44.1,40.96
Odisha,Deogarh,21.58603,84.7816,100549,0,6.8,3.99,2.8,142.3,5.43,0.495,0.844,heavy_rain,39.81,41.23
Odisha,Deogarh,21.66275,84.76365,88999,0,5.8,4.39,1.41,126.2,6.7,0.427,0.644,heavy_rain,33.13,32.09
Odisha,Deogarh,21.60278,84.79091,75727,0,1.93,0.89,1.05,120.0,9.68,0.837,0.613,heavy_rain,31.24,28.17
Odisha,Deogarh,21.4538,84.67077,81888,0,5.59,3.36,2.24,129.5,13.87,0.73,0.477,heavy_rain,36.38,34.14
Odisha,Deogarh,21.51373,84.62815,81101,0,4.47,2.62,1.85,165.9,0.48,0.75,0.688,heavy_rain,36.86,35.38
Odisha,Deogarh,21.24543,84.69299,84201,0,5.33,2.02,3.32,150.7,12.73,0.698,0.795,heavy_rain,41.48,39.11
Odisha,Deogarh,21.53948,84.83982,79050,0,1.72,0.2,1.52,166.7,4.58,0.763,0.608,heavy_rain,31.14,32.33
Odisha,Deogarh,21.51365,84.75381,75482,0,2.76,0.2,2.56,149.3,8.77,0.423,0.658,heavy_rain,33.58,36.66
Odisha,Deogarh,21.50123,84.86399,80275,0,1.98,0.2,1.78,141.4,2.36,0.517,0.215,heavy_rain,33.52,32.67
Odisha,Dhenkanal,20.50199,85.47711,97456,0,4.61,3.61,1.01,138.0,9.59,0.573,0.746,heavy_rain,32.97,33.19
Odisha,Dhenkanal,20.38847,85.68428,100160,0,7.56,5.58,1.97,141.5,10.03,0.841,0.76,heavy_rain,40.54,38.79
Odisha,Dhenkanal,20.66066,85.56464,87247,0,7.48,5.23,2.25,144.0,11.81,0.705,0.644,heavy_rain,41.02,36.18
Odisha,Dhenkanal,20.48902,85.63554,99948,0,8.35,5.27,3.08,141.2,8.28,0.838,0.816,heavy_rain,45.9,41.56
Odisha,Dhenkanal,20.72544,85.68829,87718,0,4.74,3.44,1.29,166.7,1.69,0.864,0.514,heavy_rain,35.23,34.43
Odisha,Dhenkanal,20.66373,85.61804,86369,0,7.44,4.52,2.92,151.6,13.02,0.98,0.088,heavy_rain,43.08,41.71
Odisha,Dhenkanal,20.63554,85.55195,96159,0,1.71,0.52,1.19,180.0,6.03,0.98,0.68,heavy_rain,36.24,34.81
Odisha,Dhenkanal,20.47515,85.74374,89628,0,7.26,5.44,1.82,164.0,9.0,0.98,0.66,heavy_rain,38.92,36.28
Odisha,Dhenkanal,20.55088,85.48645,94639,0,2.11,0.2,1.91,164.2,3.73,0.444,0.519,heavy_rain,35.57,36.68
Odisha,Dhenkanal,20.57533,85.55012,104669,0,6.55,5.0,1.55,149.5,0.59,0.98,0.299,heavy_rain,44.61,40.17
Odisha,Dhenkanal,20.67137,85.40433,81614,0,3.92,2.66,1.26,164.0,3.55,0.588,0.291,heavy_rain,30.72,30.89
Odisha,Dhenkanal,20.75266,85.56762,85750,0,6.75,3.48,3.27,183.0,2.29,0.666,0.554,heavy_rain,42.17,40.15
Odisha,Dhenkanal,20.8467,85.62297,81240,0,6.48,4.09,2.39,198.0,14.37,0.782,0.445,heavy_rain,38.57,34.89
Odisha,Dhenkanal,20.51884,85.78642,99301,0,7.65,4.99,2.66,180.3,2.39,0.869,0.606,heavy_rain,46.07,41.64
Odisha,Dhenkanal,20.37991,85.84952,89972,0,3.86,1.56,2.3,167.0,3.75,0.942,0.281,heavy_rain,38.9,39.16
Odisha,Dhenkanal,20.67782,85.68777,88535,0,7.21,4.93,2.28,156.9,7.43,0.98,0.281,heavy_rain,37.53,38.79
Odisha,Dhenkanal,20.79794,85.93021,86149,0,2.56,0.78,1.79,123.8,0.79,0.674,0.137,heavy_rain,38.74,35.83
Odisha,Dhenkanal,20.61617,85.6918,88826,0,6.43,4.45,1.98,138.1,0.72,0.5,0.635,heavy_rain,36.89,36.65
Odisha,Dhenkanal,20.62018,85.52074,78506,0,5.36,3.66,1.7,165.9,0.1,0.618,0.79,heavy_rain,36.85,33.29
Odisha,Dhenkanal,20.49066,85.43511,95941,0,3.21,1.92,1.3,134.2,12.42,0.899,0.316,heavy_rain,37.08,36.5
Odisha,Dhenkanal,20.70894,85.71437,94156,0,2.27,0.2,2.07,168.8,3.6,0.489,0.189,heavy_rain,40.18,37.93
Odisha,Dhenkanal,20.51901,85.63754,76303,0,4.9,2.64,2.27,163.0,3.21,0.65,0.586,heavy_rain,34.32,34.92
Odisha,Gajapati,19.06715,84.23688,97835,0,2.35,0.47,1.88,168.4,4.74,0.824,0.317,heavy_rain,44.71,38.89
Odisha,Gajapati,19.15931,84.15949,95444,0,1.69,0.2,1.49,192.8,13.56,0.98,0.444,heavy_rain,41.03,36.73
Odisha,Gajapati,19.18587,84.0421,81652,0,5.79,3.02,2.77,190.4,1.38,0.98,0.646,heavy_rain,42.6,40.59
Odisha,Gajapati,19.21143,84.22898,85211,0,7.57,4.48,3.09,165.1,7.22,0.84,0.675,heavy_rain,39.04,40.59
Odisha,Gajapati,18.89163,84.14705,93081,0,7.55,5.08,2.47,186.6,4.78,0.709,0.599,heavy_rain,38.01,38.74
Odisha,Gajapati,19.14351,84.14713,100253,0,4.71,2.43,2.28,174.6,0.98,0.706,0.495,heavy_rain,44.36,41.0
Odisha,Gajapati,19.08115,83.97936,97637,0,5.16,2.61,2.56,134.8,4.54,0.414,0.736,heavy_rain,36.25,39.45
Odisha,Gajapati,19.01103,84.1703,78594,0,6.47,4.97,1.5,162.6,4.41,0.426,0.246,heavy_rain,30.13,29.97
Odisha,Gajapati,19.16108,84.1923,89377,0,8.81,7.16,1.65,154.3,1.37,0.968,0.584,heavy_rain,36.36,37.02
Odisha,Gajapati,19.1811,84.10853,80649,0,4.13,2.67,1.47,176.3,1.53,0.599,0.434,heavy_rain,35.33,32.43
Odisha,Gajapati,19.00623,84.02629,86969,0,1.92,0.99,0.93,170.6,15.13,0.637,0.548,heavy_rain,29.87,32.38
Odisha,Gajapati,19.19709,84.11821,92904,0,5.9,4.05,1.85,165.4,1.28,0.4,0.238,heavy_rain,37.04,37.36
Odisha,Gajapati,19.11634,83.89067,102271,0,3.77,1.08,2.69,157.0,5.79,0.666,0.24,heavy_rain,41.44,42.2
Odisha,Gajapati,19.2851,84.14199,104365,0,4.4,3.17,1.23,187.7,13.77,0.855,0.769,heavy_rain,37.28,35.95
Odisha,Gajapati,18.91785,83.92401,97169,0,4.82,2.76,2.06,138.7,2.87,0.548,0.351,heavy_rain,39.75,39.2
Odisha,Gajapati,19.07004,84.18671,105149,0,5.36,4.02,1.34,162.2,3.13,0.98,0.274,heavy_rain,41.15,38.78
Odisha,Gajapati,19.06466,84.24122,108469,0,7.39,5.31,2.08,177.9,5.15,0.98,0.096,heavy_rain,44.31,41.67
Odisha,Gajapati,19.07697,84.03886,97520,0,7.89,6.6,1.3,151.6,0.38,0.714,0.65,heavy_rain,36.28,38.04
Odisha,Gajapati,18.84999,84.25437,87935,0,5.33,2.24,3.09,170.6,6.61,0.545,0.849,heavy_rain,41.98,39.14
Odisha,Gajapati,19.02525,84.1518,103561,0,3.19,0.86,2.33,161.9,7.88,0.525,0.76,heavy_rain,43.38,40.1
Odisha,Gajapati,18.92244,84.17147,89100,0,5.82,4.42,1.4,177.6,6.64,0.514,0.258,heavy_rain,32.99,32.93
Odisha,Gajapati,19.02064,84.27089,102250,0,3.24,0.2,3.04,154.3,14.89,0.621,0.479,heavy_rain,46.43,42.07
Odisha,Ganjam,19.44079,84.91047,97256,1,3.63,2.07,1.57,142.3,13.48,0.503,0.22,heavy_rain,47.31,46.11
Odisha,Ganjam,19.34125,84.68226,86903,1,2.88,0.84,2.04,121.6,10.19,0.538,0.182,heavy_rain,44.19,46.19
Odisha,Ganjam,19.08869,84.79786,95031,1,5.6,4.32,1.29,123.2,10.54,0.719,0.717,heavy_rain,42.92,43.48
Odisha,Ganjam,19.48328,84.91196,101030,1,2.93,0.2,2.73,129.5,1.38,0.463,0.161,heavy_rain,53.26,52.33
Odisha,Ganjam,19.2472,84.92666,82944,1,4.35,0.82,3.53,122.0,0.3,0.636,0.405,heavy_rain,59.13,53.15
Odisha,Ganjam,19.39181,84.6707,102084,1,3.95,1.97,1.98,120.0,2.86,0.98,0.309,heavy_rain,51.44,48.16
Odisha,Ganjam,19.27258,84.8893,91656,1,3.94,0.27,3.66,169.1,9.36,0.98,0.767,heavy_rain,55.5,51.72
Odisha,Ganjam,19.13739,84.84623,102439,1,2.84,0.2,2.64,148.9,14.78,0.754,0.653,heavy_rain,54.3,51.29
Odisha,Ganjam,19.16174,84.73244,101155,1,2.82,0.84,1.98,170.9,0.68,0.425,0.443,heavy_rain,50.5,48.83
Odisha,Ganjam,19.12442,84.76508,86696,1,3.19,0.29,2.9,153.2,0.85,0.568,0.569,heavy_rain,50.68,52.68
Odisha,Ganjam,19.11786,84.79368,96906,1,4.12,2.81,1.31,165.3,14.66,0.476,0.486,heavy_rain,48.88,42.4
Odisha,Ganjam,19.23939,84.72205,106466,1,4.97,1.71,3.26,155.2,13.74,0.806,0.769,heavy_rain,53.87,53.15
Odisha,Ganjam,19.29491,84.86716,93945,1,5.31,2.64,2.68,157.4,2.57,0.644,0.636,heavy_rain,47.11,51.76
Odisha,Ganjam,19.33243,84.83406,102782,1,3.87,0.35,3.52,126.8,11.68,0.637,0.831,heavy_rain,54.02,51.22
Odisha,Ganjam,19.35402,84.81122,83030,1,3.89,1.51,2.38,141.3,0.1,0.553,0.513,heavy_rain,52.2,48.34
Odisha,Ganjam,19.3297,84.80374,89242,1,3.48,0.51,2.97,164.7,7.64,0.877,0.1,heavy_rain,55.83,52.57
Odisha,Ganjam,19.33891,84.62041,99521,1,3.53,0.21,3.31,126.7,0.1,0.98,0.759,heavy_rain,60.38,54.45
Odisha,Ganjam,19.36922,84.74338,97733,1,7.48,5.71,1.77,157.5,4.8,0.846,0.328,heavy_rain,49.2,48.25
Odisha,Ganjam,19.31551,84.80047,111212,1,5.66,4.22,1.43,141.1,2.32,0.859,0.375,heavy_rain,52.13,50.35
Odisha,Ganjam,19.42953,84.67557,93916,1,1.71,0.2,1.51,140.7,0.1,0.802,0.142,heavy_rain,53.26,48.19
Odisha,Ganjam,19.24157,84.97259,100886,1,4.04,0.77,3.27,147.3,1.54,0.98,0.355,heavy_rain,56.43,54.67
Odisha,Ganjam,19.39484,84.92338,108773,1,2.26,0.2,2.06,132.8,0.25,0.836,0.776,heavy_rain,55.39,50.91
Odisha,Jagatsinghpur,20.26139,86.07561,100261,1,7.12,4.62,2.5,146.1,4.67,0.789,0.835,heavy_rain,51.61,52.19
Odisha,Jagatsinghpur,20.26095,86.1294,100678,1,4.96,2.43,2.53,134.9,8.66,0.855,0.233,heavy_rain,51.75,52.63
Odisha,Jagatsinghpur,20.15861,86.16464,94387,1,5.43,3.14,2.29,165.1,8.26,0.828,0.767,heavy_rain,47.89,46.98
Odisha,Jagatsinghpur,20.09002,86.09493,118234,1,7.58,5.3,2.28,153.0,8.93,0.737,0.635,heavy_rain,53.5,50.37
Odisha,Jagatsinghpur,20.13418,86.14495,102527,1,6.87,5.24,1.63,137.8,4.07,0.499,0.72,heavy_rain,46.82,47.13
Odisha,Jagatsinghpur,20.25565,86.13939,97401,1,3.35,2.03,1.32,163.3,10.86,0.561,0.09,heavy_rain,49.01,45.02
Odisha,Jagatsinghpur,20.3623,86.23389,115024,1,2.5,0.2,2.3,179.0,4.8,0.842,0.722,heavy_rain,55.69,49.99
Odisha,Jagatsinghpur,20.12315,86.21721,90768,1,6.71,3.71,3.0,138.5,3.33,0.724,0.582,heavy_rain,53.55,52.58
Odisha,Jagatsinghpur,20.19724,86.07397,105242,1,5.06,2.85,2.21,125.4,0.1,0.675,0.084,heavy_rain,57.15,50.24
Odisha,Jagatsinghpur,20.34067,86.36545,100979,1,5.94,3.38,2.56,166.9,7.82,0.549,0.128,heavy_rain,53.56,52.22
Odisha,Jagatsinghpur,20.21807,86.158,118078,1,1.57,0.2,1.37,136.4,8.9,0.753,0.712,heavy_rain,48.9,47.19
Odisha,Jagatsinghpur,20.51439,86.21906,87397,1,6.34,2.88,3.46,144.9,9.53,0.98,0.167,heavy_rain,52.17,53.06
Odisha,Jagatsinghpur,20.17705,86.37024,113069,1,5.29,3.85,1.44,124.1,12.74,0.472,0.563,heavy_rain,48.34,47.38
Odisha,Jagatsinghpur,20.40456,85.90254,103870,1,3.94,0.69,3.25,158.9,0.1,0.507,0.696,heavy_rain,57.29,53.91
Odisha,Jagatsinghpur,20.51781,86.07456,99383,1,1.65,0.2,1.45,153.3,11.32,0.506,0.36,heavy_rain,48.34,45.09
Odisha,Jagatsinghpur,20.00312,86.1238,100816,1,5.54,2.17,3.37,126.2,6.41,0.813,0.579,heavy_rain,57.77,53.36
Odisha,Jagatsinghpur,20.1201,86.14915,98558,1,7.0,4.56,2.44,157.8,11.93,0.442,0.289,heavy_rain,52.56,49.52
Odisha,Jagatsinghpur,20.1983,86.11034,94135,1,7.94,5.7,2.23,143.2,4.38,0.502,0.197,heavy_rain,47.09,46.66
Odisha,Jagatsinghpur,20.23164,86.23209,108705,1,7.12,3.61,3.51,142.2,7.96,0.585,0.474,heavy_rain,57.33,52.42
Odisha,Jagatsinghpur,20.34296,86.24607,95946,1,3.54,2.19,1.35,194.4,13.5,0.451,0.478,heavy_rain,43.85,42.13
Odisha,Jagatsinghpur,20.39535,86.06992,90871,1,6.68,3.73,2.95,145.4,13.43,0.453,0.76,heavy_rain,48.41,51.56
Odisha,Jagatsinghpur,20.42923,86.29251,102740,1,1.2,0.2,1.0,178.2,14.7,0.454,0.246,heavy_rain,44.17,43.68
Odisha,Jajpur,20.98168,86.34474,95205,0,3.43,1.79,1.64,146.9,7.36,0.942,0.225,heavy_rain,37.69,37.55
Odisha,Jajpur,20.88067,86.67693,92854,0,6.48,4.6,1.88,141.9,8.19,0.784,0.456,heavy_rain,37.66,36.77
Odisha,Jajpur,21.02596,86.35753,94735,0,2.03,0.94,1.08,135.8,9.93,0.791,0.79,heavy_rain,32.72,33.16
Odisha,Jajpur,20.83246,86.44378,79717,0,5.33,3.23,2.1,138.6,11.7,0.762,0.337,heavy_rain,34.53,34.6
Odisha,Jajpur,20.9421,86.30992,89638,0,2.59,1.46,1.13,125.1,2.9,0.547,0.474,heavy_rain,31.96,33.35
Odisha,Jajpur,20.93992,86.30625,90427,0,3.41,2.2,1.21,154.3,14.8,0.529,0.339,heavy_rain,35.28,32.98
Odisha,Jajpur,20.73118,86.30865,87751,0,7.72,6.14,1.57,150.7,1.05,0.602,0.367,heavy_rain,37.26,35.38
Odisha,Jajpur,20.92426,86.433,86051,0,1.88,0.2,1.68,133.5,12.42,0.574,0.34,heavy_rain,36.28,32.3
Odisha,Jajpur,20.85021,86.54461,88056,0,2.88,1.69,1.19,176.0,7.72,0.481,0.393,heavy_rain,30.59,31.16
Odisha,Jajpur,20.96709,86.41579,87502,0,5.8,3.82,1.98,124.7,4.37,0.816,0.153,heavy_rain,39.15,36.7
Odisha,Jajpur,21.02356,86.21532,78107,0,6.63,5.59,1.05,181.2,7.92,0.599,0.086,heavy_rain,32.43,27.79
Odisha,Jajpur,20.96035,86.46635,92646,0,3.96,1.97,2.0,129.0,1.6,0.456,0.104,heavy_rain,38.87,37.21
Odisha,Jajpur,20.62583,86.36508,90853,0,7.74,4.38,3.36,151.9,7.9,0.88,0.378,heavy_rain,42.67,41.0
Odisha,Jajpur,20.80282,86.18769,88062,0,2.21,0.2,2.01,172.0,0.1,0.89,0.771,heavy_rain,44.56,37.42
Odisha,Jajpur,20.96471,86.34448,104838,0,4.0,2.46,1.54,167.2,6.64,0.666,0.715,heavy_rain,40.57,38.08
Odisha,Jajpur,21.00281,86.48791,99545,0,7.25,3.91,3.34,140.9,1.42,0.697,0.505,heavy_rain,45.83,42.7
Odisha,Jajpur,20.92477,86.3816,92819,0,4.62,2.19,2.43,144.2,9.73,0.696,0.458,heavy_rain,41.49,38.01
Odisha,Jajpur,20.70724,86.27777,93453,0,7.38,5.78,1.6,160.2,7.15,0.615,0.417,heavy_rain,36.99,35.59
Odisha,Jajpur,20.87863,86.28525,78362,0,7.04,4.03,3.0,156.6,14.91,0.459,0.516,heavy_rain,37.3,37.31
Odisha,Jajpur,20.67998,86.37282,77258,0,7.35,5.48,1.87,120.0,12.91,0.749,0.427,heavy_rain,32.09,32.73
Odisha,Jajpur,20.84166,86.44985,92327,0,6.18,3.96,2.21,156.6,10.45,0.683,0.141,heavy_rain,39.49,37.79
Odisha,Jajpur,20.95363,86.3273,94096,0,3.05,0.2,2.85,139.3,12.93,0.665,0.482,heavy_rain,42.5,39.88
Odisha,Jharsuguda,21.83994,83.97735,82735,0,5.92,2.88,3.04,167.7,1.92,0.927,0.276,heavy_rain,43.47,40.85
Odisha,Jharsuguda,21.77554,84.20612,91622,0,1.58,0.2,1.38,150.9,3.2,0.835,0.531,heavy_rain,34.46,36.01
Odisha,Jharsuguda,21.89861,84.00465,92017,0,4.98,2.88,2.1,167.9,2.44,0.941,0.788,heavy_rain,42.29,38.62
Odisha,Jharsuguda,21.83839,83.91391,92636,0,5.04,2.51,2.53,154.0,2.81,0.927,0.473,heavy_rain,43.43,40.25
Odisha,Jharsuguda,21.93043,83.96765,94739,0,2.69,1.11,1.58,139.4,11.35,0.699,0.138,heavy_rain,38.64,37.09
Odisha,Jharsuguda,21.89886,83.9587,83916,0,5.13,1.87,3.26,163.4,0.26,0.98,0.665,heavy_rain,44.87,41.15
Odisha,Jharsuguda,21.86279,84.00117,99577,0,7.02,4.21,2.82,188.6,7.76,0.414,0.588,heavy_rain,42.45,40.03
Odisha,Jharsuguda,21.955,84.08105,88235,0,8.17,6.8,1.37,132.8,11.06,0.98,0.665,heavy_rain,34.81,34.38
Odisha,Jharsuguda,21.90777,84.1142,104294,0,8.19,6.2,1.98,145.1,4.86,0.622,0.569,heavy_rain,41.35,40.19
Odisha,Jharsuguda,21.87394,84.06565,90673,0,2.01,0.2,1.81,163.3,12.06,0.557,0.823,heavy_rain,34.83,33.69
Odisha,Jharsuguda,21.77007,84.13955,87848,0,2.99,0.88,2.11,171.0,9.01,0.732,0.153,heavy_rain,39.46,37.2
Odisha,Jharsuguda,21.77527,84.0379,91191,0,2.43,0.2,2.23,127.0,9.68,0.617,0.137,heavy_rain,36.52,37.14
Odisha,Jharsuguda,22.00832,83.99691,103870,0,4.16,2.89,1.27,166.5,0.1,0.583,0.626,heavy_rain,43.83,37.3
Odisha,Jharsuguda,21.7634,83.81905,97873,0,8.68,7.7,0.98,140.2,1.09,0.81,0.677,heavy_rain,37.14,34.79
Odisha,Jharsuguda,21.8657,84.08997,83869,0,2.73,0.2,2.53,167.0,6.82,0.597,0.459,heavy_rain,35.63,37.73
Odisha,Jharsuguda,21.89266,84.01571,91133,0,3.7,0.29,3.41,120.0,9.45,0.637,0.48,heavy_rain,43.94,39.52
Odisha,Jharsuguda,21.7995,84.13,102842,0,8.19,4.98,3.21,174.3,1.95,0.632,0.784,heavy_rain,45.33,42.21
Odisha,Jharsuguda,21.81999,83.80783,92900,0,2.48,0.2,2.28,142.5,3.49,0.98,0.726,heavy_rain,39.35,38.56
Odisha,Jharsuguda,21.62166,84.20546,78409,0,4.13,0.83,3.31,177.2,1.0,0.867,0.366,heavy_rain,44.12,40.69
Odisha,Jharsuguda,21.8381,84.0189,95552,0,2.5,0.2,2.3,157.3,2.0,0.939,0.495,heavy_rain,39.6,40.64
Odisha,Jharsuguda,21.91455,84.19216,89153,0,6.51,5.4,1.11,132.6,1.73,0.756,0.434,heavy_rain,36.21,33.62
Odisha,Jharsuguda,21.98793,84.21416,81547,0,7.96,5.7,2.26,191.3,0.47,0.965,0.16,heavy_rain,44.45,37.54
Odisha,Kalahandi,19.68833,83.09946,84335,0,5.06,2.53,2.53,148.1,6.64,0.403,0.54,heavy_rain,38.01,37.54
Odisha,Kalahandi,20.25563,83.25872,98562,0,8.71,6.68,2.03,120.0,1.32,0.513,0.088,heavy_rain,38.68,39.65
Odisha,Kalahandi,20.1287,83.32361,87544,0,7.42,4.29,3.13,173.5,9.57,0.98,0.586,heavy_rain,43.43,40.83
Odisha,Kalahandi,19.72402,83.16472,86658,0,3.91,1.24,2.67,191.0,13.29,0.806,0.835,heavy_rain,40.78,38.92
Odisha,Kalahandi,19.66857,83.34442,81244,0,1.65,0.2,1.45,164.5,2.29,0.756,0.677,heavy_rain,34.29,32.4
Odisha,Kalahandi,20.0639,83.12513,82955,0,5.67,3.04,2.63,120.0,6.7,0.442,0.528,heavy_rain,38.39,37.97
Odisha,Kalahandi,20.05447,83.19022,83226,0,6.81,4.24,2.57,132.7,2.59,0.98,0.179,heavy_rain,43.04,39.97
Odisha,Kalahandi,20.07125,83.01182,88300,0,2.39,0.2,2.19,157.6,8.11,0.892,0.364,heavy_rain,34.19,38.03
Odisha,Kalahandi,20.01909,83.10601,84650,0,8.45,6.09,2.36,149.1,13.01,0.944,0.825,heavy_rain,37.1,36.08
Odisha,Kalahandi,19.73109,83.13974,97833,0,1.81,0.2,1.61,162.0,6.51,0.537,0.798,heavy_rain,35.51,36.05
Odisha,Kalahandi,19.90921,83.04374,99675,0,8.23,5.32,2.9,125.3,4.66,0.655,0.172,heavy_rain,40.72,42.96
Odisha,Kalahandi,19.93242,83.2698,104391,0,6.99,5.55,1.44,151.4,4.29,0.649,0.513,heavy_rain,36.63,38.78
Odisha,Kalahandi,19.81557,83.11149,97947,0,7.59,5.79,1.8,139.9,3.66,0.8,0.568,heavy_rain,41.43,38.52
Odisha,Kalahandi,20.04103,83.15316,97303,0,3.85,1.62,2.23,152.0,4.55,0.598,0.836,heavy_rain,36.19,39.87
Odisha,Kalahandi,19.98527,83.13839,82404,0,2.31,0.33,1.98,145.2,14.96,0.662,0.295,heavy_rain,37.5,33.69
Odisha,Kalahandi,19.8214,83.32379,98706,0,5.09,3.58,1.51,182.8,2.68,0.592,0.13,heavy_rain,35.92,38.04
Odisha,Kalahandi,19.91588,83.10002,86372,0,8.75,6.7,2.06,148.9,4.55,0.628,0.167,heavy_rain,35.09,34.99
Odisha,Kalahandi,19.87282,83.14238,91213,0,3.43,1.89,1.54,163.3,14.49,0.81,0.313,heavy_rain,34.71,35.71
Odisha,Kalahandi,19.93431,82.96993,108354,0,2.35,0.2,2.15,144.3,14.88,0.441,0.379,heavy_rain,40.12,39.73
Odisha,Kalahandi,19.96096,83.18244,98223,0,7.2,5.36,1.83,120.0,5.77,0.426,0.381,heavy_rain,37.31,37.29
Odisha,Kalahandi,19.93617,83.01521,86314,0,8.72,6.05,2.67,167.2,6.65,0.544,0.822,heavy_rain,39.37,37.81
Odisha,Kalahandi,19.96614,83.30553,87478,0,3.85,1.15,2.7,138.2,0.53,0.98,0.758,heavy_rain,43.93,40.79
Odisha,Kandhamal,20.37447,84.35142,106860,0,8.71,7.75,0.96,153.9,4.85,0.413,0.616,heavy_rain,33.33,32.49
Odisha,Kandhamal,20.44628,84.14982,83304,0,1.77,0.2,1.57,168.7,10.7,0.98,0.44,heavy_rain,34.25,34.26
Odisha,Kandhamal,20.65546,84.23532,87983,0,3.58,0.58,3.0,171.2,7.2,0.963,0.117,heavy_rain,43.61,41.31
Odisha,Kandhamal,20.35827,84.16649,98874,0,8.5,7.08,1.42,176.9,4.33,0.98,0.205,heavy_rain,41.12,38.35
Odisha,Kandhamal,20.55366,84.07789,91815,0,8.88,7.48,1.39,156.6,14.73,0.98,0.659,heavy_rain,38.3,34.89
Odisha,Kandhamal,20.47524,84.19051,98310,0,4.17,1.88,2.3,144.8,1.3,0.471,0.162,heavy_rain,41.54,40.22
Odisha,Kandhamal,20.56148,84.41977,96692,0,6.16,2.89,3.27,161.5,6.99,0.861,0.606,heavy_rain,48.98,41.66
Odisha,Kandhamal,20.45253,84.44308,88789,0,7.72,4.9,2.83,181.5,9.25,0.507,0.83,heavy_rain,38.36,37.88
Odisha,Kandhamal,20.45944,84.36928,80905,0,7.2,4.37,2.82,147.1,8.99,0.555,0.167,heavy_rain,35.49,39.27
Odisha,Kandhamal,20.41535,84.30288,80612,0,2.31,0.2,2.11,130.9,13.71,0.98,0.387,heavy_rain,35.34,35.6
Odisha,Kandhamal,20.38877,84.18887,88247,0,4.58,2.81,1.77,171.7,4.0,0.948,0.365,heavy_rain,37.75,37.29
Odisha,Kandhamal,20.394,84.39315,94297,0,3.51,0.48,3.03,140.7,2.52,0.59,0.813,heavy_rain,41.81,41.23
Odisha,Kandhamal,20.55831,84.31123,89598,0,3.67,2.19,1.47,161.8,5.53,0.98,0.654,heavy_rain,38.02,35.05
Odisha,Kandhamal,20.43201,84.5496,106803,0,6.26,3.3,2.97,158.7,9.52,0.98,0.628,heavy_rain,49.14,41.77
Odisha,Kandhamal,20.59759,84.35315,89557,0,8.83,7.0,1.83,143.0,7.09,0.971,0.195,heavy_rain,37.25,37.71
Odisha,Kandhamal,20.39945,84.35499,90559,0,2.69,1.29,1.4,163.8,2.03,0.664,0.334,heavy_rain,36.0,35.58
Odisha,Kandhamal,20.59221,84.14682,92309,0,7.89,6.33,1.56,184.2,7.56,0.947,0.198,heavy_rain,35.48,37.34
Odisha,Kandhamal,20.44058,84.12125,89469,0,8.16,5.83,2.33,149.7,8.08,0.98,0.768,heavy_rain,41.07,38.5
Odisha,Kandhamal,20.44621,84.36941,82840,0,4.47,3.42,1.06,139.8,0.1,0.812,0.1,heavy_rain,39.16,33.1
Odisha,Kandhamal,20.63011,84.22745,92734,0,3.75,1.54,2.2,120.0,13.09,0.484,0.496,heavy_rain,33.19,36.11
Odisha,Kandhamal,20.41787,84.15546,102914,0,7.38,4.22,3.15,120.0,10.3,0.96,0.415,heavy_rain,46.38,42.25
Odisha,Kandhamal,20.38843,84.25641,89986,0,4.42,2.77,1.65,153.5,11.9,0.98,0.847,heavy_rain,39.47,35.59
Odisha,Kendrapara,20.49428,86.51647,92245,1,2.7,0.2,2.5,166.7,13.42,0.98,0.457,heavy_rain,52.36,50.25
Odisha,Kendrapara,20.4446,86.33808,104059,1,2.61,1.18,1.44,140.9,0.1,0.856,0.316,heavy_rain,54.31,48.72
Odisha,Kendrapara,20.49594,86.40656,93978,1,6.94,4.78,2.16,159.0,9.34,0.976,0.601,heavy_rain,50.23,46.56
Odisha,Kendrapara,20.43209,86.5292,108058,1,8.07,5.0,3.07,153.3,7.45,0.895,0.479,heavy_rain,54.96,53.81
Odisha,Kendrapara,20.6626,86.06046,99612,1,2.48,0.2,2.28,120.0,5.07,0.569,0.325,heavy_rain,48.11,48.37
Odisha,Kendrapara,20.55854,86.61947,105440,1,6.71,3.36,3.35,166.4,4.55,0.446,0.844,heavy_rain,55.57,52.26
Odisha,Kendrapara,20.41078,86.29845,101872,1,5.22,2.42,2.8,149.9,6.36,0.456,0.189,heavy_rain,54.86,52.41
Odisha,Kendrapara,20.48912,86.3704,101401,1,4.86,2.07,2.79,159.1,8.16,0.554,0.593,heavy_rain,53.26,51.62
Odisha,Kendrapara,20.66298,86.48548,115657,1,3.61,0.2,3.41,168.1,10.48,0.489,0.514,heavy_rain,56.97,51.72
Odisha,Kendrapara,20.50869,86.39176,106323,1,6.48,3.28,3.2,162.1,9.35,0.642,0.733,heavy_rain,54.7,52.5
Odisha,Kendrapara,20.47265,86.51694,94843,1,7.76,5.94,1.82,166.8,6.63,0.653,0.404,heavy_rain,46.42,46.48
Odisha,Kendrapara,20.64884,86.17477,123895,1,4.04,2.38,1.66,150.3,10.47,0.579,0.182,heavy_rain,53.24,51.03
Odisha,Kendrapara,20.48322,86.40134,104065,1,1.32,0.2,1.12,120.0,11.73,0.452,0.371,heavy_rain,43.34,44.09
Odisha,Kendrapara,20.37712,86.28931,93795,1,4.49,2.1,2.39,177.3,3.39,0.508,0.53,heavy_rain,49.96,47.37
Odisha,Kendrapara,20.52491,86.29756,101826,1,5.76,3.07,2.69,124.8,3.3,0.633,0.187,heavy_rain,53.18,52.85
Odisha,Kendrapara,20.75506,86.29532,93151,1,5.53,3.93,1.6,155.3,11.59,0.856,0.731,heavy_rain,45.84,46.24
Odisha,Kendrapara,20.75371,86.41136,106173,1,3.88,1.59,2.29,153.7,4.86,0.98,0.696,heavy_rain,54.1,49.55
Odisha,Kendrapara,20.42425,86.4543,88973,1,6.47,3.51,2.96,165.3,5.26,0.897,0.744,heavy_rain,48.82,52.76
Odisha,Kendrapara,20.38142,86.38629,101126,1,2.12,0.2,1.92,148.8,9.0,0.436,0.224,heavy_rain,50.82,47.44
Odisha,Kendrapara,20.37296,86.52475,96095,1,7.72,4.41,3.31,146.5,2.15,0.463,0.382,heavy_rain,54.27,52.48
Odisha,Kendrapara,20.4651,86.48323,97302,1,4.97,1.34,3.63,120.0,4.76,0.98,0.832,heavy_rain,56.54,52.82
Odisha,Kendrapara,20.43839,86.33002,93484,1,3.01,1.12,1.89,179.9,14.79,0.98,0.731,heavy_rain,48.85,46.94
Odisha,Kendujhar,21.51617,85.52679,97848,0,6.91,4.68,2.22,130.1,14.52,0.783,0.127,heavy_rain,40.61,40.95
Odisha,Kendujhar,21.42754,85.51918,105224,0,2.73,0.2,2.53,120.0,2.22,0.793,0.702,heavy_rain,43.92,41.95
Odisha,Kendujhar,21.55835,85.58457,76446,0,5.2,3.61,1.59,120.0,4.86,0.757,0.8,heavy_rain,29.0,32.4
Odisha,Kendujhar,21.73136,85.47415,100461,0,2.77,1.38,1.39,152.3,10.31,0.98,0.785,heavy_rain,40.89,36.67
Odisha,Kendujhar,21.69798,85.42945,95691,0,3.09,1.6,1.5,143.3,8.33,0.98,0.448,heavy_rain,41.97,36.86
Odisha,Kendujhar,21.64463,85.49905,100669,0,6.05,3.12,2.93,177.0,5.9,0.807,0.812,heavy_rain,43.38,41.98
Odisha,Kendujhar,21.61318,85.62343,80842,0,6.12,2.94,3.18,155.7,7.07,0.722,0.52,heavy_rain,40.42,39.66
Odisha,Kendujhar,21.56576,85.57675,109024,0,2.38,0.2,2.18,151.0,13.67,0.868,0.273,heavy_rain,42.1,41.64
Odisha,Kendujhar,21.49983,85.73835,89034,0,2.97,0.89,2.08,168.4,13.78,0.816,0.76,heavy_rain,36.36,35.76
Odisha,Kendujhar,21.36395,85.42976,100966,0,2.02,0.2,1.82,170.1,0.1,0.489,0.638,heavy_rain,45.72,38.9
Odisha,Kendujhar,21.82607,85.62074,72358,0,4.17,2.68,1.49,149.5,9.38,0.98,0.755,heavy_rain,31.31,33.34
Odisha,Kendujhar,21.8119,85.26148,86437,0,4.27,1.47,2.8,120.0,7.14,0.619,0.166,heavy_rain,38.15,40.12
Odisha,Kendujhar,21.48104,85.57206,96709,0,4.12,1.54,2.59,168.9,5.07,0.693,0.494,heavy_rain,41.78,41.62
Odisha,Kendujhar,21.49883,85.48736,80386,0,6.54,5.32,1.22,120.0,12.93,0.823,0.471,heavy_rain,28.94,32.1
Odisha,Kendujhar,21.60757,85.60287,106532,0,6.62,5.07,1.55,165.4,7.78,0.755,0.785,heavy_rain,39.35,38.72
Odisha,Kendujhar,21.84038,85.54414,81824,0,8.49,5.34,3.15,154.1,7.5,0.753,0.467,heavy_rain,40.44,39.72
Odisha,Kendujhar,21.70508,85.49896,81520,0,7.78,5.91,1.86,143.8,3.59,0.482,0.159,heavy_rain,33.75,32.17
Odisha,Kendujhar,21.64396,85.52025,80085,0,8.39,5.8,2.6,153.3,3.86,0.606,0.614,heavy_rain,39.19,38.21
Odisha,Kendujhar,21.75814,85.69808,72685,0,7.86,6.43,1.43,144.9,8.14,0.688,0.512,heavy_rain,29.83,29.69
Odisha,Kendujhar,21.73816,85.59613,78963,0,3.57,2.43,1.14,122.3,13.81,0.591,0.847,heavy_rain,30.49,28.7
Odisha,Kendujhar,21.55682,85.63709,85754,0,4.04,2.21,1.83,128.0,14.78,0.687,0.743,heavy_rain,35.66,33.6
Odisha,Kendujhar,21.66307,85.61431,98399,0,5.83,3.28,2.55,129.6,8.18,0.932,0.199,heavy_rain,45.13,41.69
Odisha,Khordha,20.21805,85.65494,88132,0,4.47,2.64,1.82,209.7,0.1,0.84,0.631,heavy_rain,44.25,37.25
Odisha,Khordha,20.26026,85.63964,93797,0,5.85,3.68,2.17,149.0,7.26,0.98,0.418,heavy_rain,39.3,39.23
Odisha,Khordha,20.05881,85.54974,90194,0,6.39,4.18,2.21,138.5,1.81,0.415,0.591,heavy_rain,36.64,36.74
Odisha,Khordha,20.14397,85.60991,91053,0,5.61,4.15,1.46,159.7,9.57,0.771,0.249,heavy_rain,33.49,35.84
Odisha,Khordha,20.18359,85.56466,82735,0,5.35,2.85,2.5,149.8,5.04,0.928,0.303,heavy_rain,40.69,37.99
Odisha,Khordha,20.11743,85.71062,78145,0,2.54,0.47,2.07,120.0,12.96,0.459,0.33,heavy_rain,32.34,33.12
Odisha,Khordha,20.18157,85.60522,91919,0,3.15,0.96,2.2,155.5,1.27,0.567,0.183,heavy_rain,38.38,37.82
Odisha,Khordha,20.48887,85.77891,91093,0,7.56,5.28,2.28,151.8,10.57,0.672,0.588,heavy_rain,37.97,37.19
Odisha,Khordha,20.14649,85.74486,91493,0,8.42,5.77,2.65,141.6,9.38,0.749,0.46,heavy_rain,39.63,39.34
Odisha,Khordha,20.15479,85.70576,89507,0,8.09,6.91,1.18,166.4,5.43,0.458,0.131,heavy_rain,35.56,32.72
Odisha,Khordha,20.11141,85.72824,85490,0,6.87,5.13,1.74,170.9,10.2,0.662,0.536,heavy_rain,35.9,32.47
Odisha,Khordha,20.24226,85.65146,101063,0,6.53,3.36,3.17,120.8,3.81,0.477,0.545,heavy_rain,43.76,41.61
Odisha,Khordha,20.22082,85.65393,98645,0,5.5,3.82,1.69,122.9,0.1,0.964,0.548,heavy_rain,45.99,39.45
Odisha,Khordha,20.18155,85.7639,91539,0,6.77,3.41,3.35,120.0,4.84,0.728,0.686,heavy_rain,44.3,40.34
Odisha,Khordha,20.52872,85.66147,100883,0,3.79,2.61,1.18,159.1,7.95,0.468,0.816,heavy_rain,34.39,34.96
Odisha,Khordha,20.15785,85.55535,109412,0,3.95,1.25,2.69,172.0,9.18,0.98,0.526,heavy_rain,44.06,41.67
Odisha,Khordha,20.20677,85.62493,96729,0,6.01,3.96,2.04,178.9,5.33,0.76,0.192,heavy_rain,39.93,39.95
Odisha,Khordha,20.13878,85.55227,84939,0,6.06,4.63,1.44,123.9,3.25,0.606,0.373,heavy_rain,35.31,31.33
Odisha,Khordha,20.1369,85.52171,91704,0,5.53,3.84,1.69,120.0,1.75,0.98,0.763,heavy_rain,38.25,37.34
Odisha,Khordha,20.31287,85.54672,83988,0,5.67,2.6,3.07,154.1,5.57,0.98,0.565,heavy_rain,40.86,40.34
Odisha,Khordha,20.37624,85.5667,96230,0,8.81,6.63,2.19,148.2,5.86,0.867,0.37,heavy_rain,43.27,41.0
Odisha,Khordha,20.20698,85.73142,83688,0,4.37,1.58,2.79,185.5,8.23,0.74,0.312,heavy_rain,39.69,39.52
Odisha,Koraput,18.93068,82.93845,101829,0,4.67,3.31,1.37,150.0,1.95,0.749,0.431,heavy_rain,38.6,38.26
Odisha,Koraput,18.96378,82.55755,78507,0,3.74,1.72,2.03,183.0,0.1,0.422,0.724,heavy_rain,37.06,35.37
Odisha,Koraput,18.77205,82.77186,76174,0,5.86,4.37,1.49,154.8,5.73,0.829,0.53,heavy_rain,28.97,32.75
Odisha,Koraput,18.91479,82.5306,90637,0,6.71,4.55,2.15,153.3,10.95,0.495,0.469,heavy_rain,39.56,35.94
Odisha,Koraput,18.81257,82.63596,89218,0,8.0,4.94,3.06,154.5,5.3,0.886,0.112,heavy_rain,43.48,41.81
Odisha,Koraput,18.87912,82.51698,81708,0,2.29,1.14,1.15,175.6,11.97,0.409,0.522,heavy_rain,27.45,30.24
Odisha,Koraput,18.80752,82.75792,107555,0,5.33,2.67,2.66,186.3,12.47,0.6,0.479,heavy_rain,44.77,41.37
Odisha,Koraput,18.65098,82.83693,95886,0,8.73,7.0,1.73,136.8,3.23,0.935,0.199,heavy_rain,42.35,38.48
Odisha,Koraput,18.79519,82.56808,79301,0,8.62,7.48,1.14,182.6,5.88,0.476,0.247,heavy_rain,33.0,29.22
Odisha,Koraput,18.46943,82.79626,87188,0,6.29,3.88,2.41,180.1,14.44,0.731,0.616,heavy_rain,41.27,36.58
Odisha,Koraput,18.81509,82.4619,85129,0,3.29,1.65,1.64,120.0,14.11,0.612,0.323,heavy_rain,30.72,32.44
Odisha,Koraput,18.87173,82.49865,86662,0,7.59,5.92,1.67,136.7,4.4,0.948,0.767,heavy_rain,36.41,34.95
Odisha,Koraput,19.00036,82.65694,86552,0,4.65,1.68,2.97,174.0,0.1,0.756,0.595,heavy_rain,50.31,41.48
Odisha,Koraput,18.72279,82.49644,86533,0,3.98,2.37,1.61,159.1,5.8,0.528,0.12,heavy_rain,34.72,32.88
Odisha,Koraput,18.79884,82.56482,106113,0,7.84,5.78,2.06,146.9,14.87,0.912,0.253,heavy_rain,44.23,41.36
Odisha,Koraput,18.95805,82.8676,78144,0,5.68,4.46,1.22,139.7,6.89,0.664,0.149,heavy_rain,31.1,29.07
Odisha,Koraput,18.67502,82.65962,64720,0,4.92,2.12,2.8,153.7,13.07,0.98,0.835,heavy_rain,33.63,38.19
Odisha,Koraput,18.81741,82.71026,94483,0,4.36,1.07,3.29,120.0,0.1,0.907,0.359,heavy_rain,49.31,42.78
Odisha,Koraput,18.76445,82.58306,91684,0,5.39,2.37,3.02,120.0,11.16,0.98,0.122,heavy_rain,45.95,41.46
Odisha,Koraput,18.84306,82.68553,89288,0,5.93,3.79,2.14,168.7,1.91,0.688,0.755,heavy_rain,34.2,37.06
Odisha,Koraput,18.89847,82.89081,84477,0,2.77,1.51,1.27,155.1,9.2,0.677,0.678,heavy_rain,34.01,31.78
Odisha,Koraput,18.90727,82.70179,86608,0,8.51,7.5,1.02,120.0,7.89,0.98,0.656,heavy_rain,32.5,32.88
Odisha,Malkangiri,18.26149,81.78532,90084,0,6.69,5.45,1.24,181.7,15.0,0.606,0.553,heavy_rain,32.94,32.91
Odisha,Malkangiri,18.25952,81.81532,98666,0,7.53,4.98,2.55,183.5,6.77,0.651,0.296,heavy_rain,46.74,41.56
Odisha,Malkangiri,18.26274,81.69065,86692,0,6.18,4.34,1.84,161.8,2.05,0.98,0.312,heavy_rain,41.65,36.98
Odisha,Malkangiri,18.2322,82.01434,98644,0,6.63,4.76,1.86,170.1,14.08,0.938,0.736,heavy_rain,39.4,37.75
Odisha,Malkangiri,18.25899,82.04149,72509,0,6.25,4.98,1.28,166.4,13.47,0.858,0.52,heavy_rain,32.05,31.21
Odisha,Malkangiri,18.31759,82.03541,95252,0,2.31,0.2,2.11,187.9,4.25,0.98,0.255,heavy_rain,40.54,40.33
Odisha,Malkangiri,18.29943,82.02486,89083,0,6.04,3.54,2.5,171.3,8.85,0.98,0.398,heavy_rain,41.81,39.25
Odisha,Malkangiri,18.22086,81.84119,98507,0,4.22,3.17,1.06,162.9,4.74,0.482,0.489,heavy_rain,32.59,33.17
Odisha,Malkangiri,18.4274,81.89993,79812,0,7.08,5.86,1.22,120.0,15.0,0.729,0.218,heavy_rain,31.67,31.31
Odisha,Malkangiri,18.50319,81.74682,98362,0,4.59,3.57,1.01,172.8,7.51,0.904,0.274,heavy_rain,37.76,35.38
Odisha,Malkangiri,18.28996,81.96856,94739,0,5.09,3.94,1.15,158.9,12.3,0.686,0.504,heavy_rain,35.24,33.58
Odisha,Malkangiri,18.30016,81.79591,98481,0,4.16,2.19,1.98,127.9,4.47,0.98,0.538,heavy_rain,40.21,38.77
Odisha,Malkangiri,18.63873,81.89514,97013,0,8.32,4.93,3.38,120.0,10.56,0.485,0.833,heavy_rain,43.72,40.65
Odisha,Malkangiri,18.22821,81.79674,89542,0,3.78,1.02,2.77,207.6,4.31,0.617,0.165,heavy_rain,41.53,40.07
Odisha,Malkangiri,18.27878,81.94518,85695,0,5.32,3.91,1.4,151.6,4.23,0.704,0.126,heavy_rain,31.76,32.14
Odisha,Malkangiri,18.44693,82.12097,84863,0,6.14,2.85,3.29,175.2,12.69,0.449,0.583,heavy_rain,40.18,38.24
Odisha,Malkangiri,18.26954,81.91521,95309,0,8.64,5.85,2.78,132.9,9.31,0.98,0.668,heavy_rain,42.74,41.03
Odisha,Malkangiri,18.37018,82.06525,83280,0,3.34,2.33,1.01,155.5,8.49,0.436,0.166,heavy_rain,29.59,29.01
Odisha,Malkangiri,18.27213,81.80441,84106,0,5.66,4.51,1.16,171.4,13.13,0.572,0.112,heavy_rain,32.12,31.1
Odisha,Malkangiri,18.28078,81.89882,96274,0,2.68,0.2,2.48,172.8,11.61,0.662,0.616,heavy_rain,40.95,40.73
Odisha,Malkangiri,18.21096,81.89861,89644,0,7.28,5.93,1.35,161.2,4.73,0.75,0.512,heavy_rain,35.2,33.95
Odisha,Malkangiri,18.33383,81.95285,91452,0,3.31,0.2,3.11,162.5,6.98,0.669,0.778,heavy_rain,42.38,39.48
Odisha,Mayurbhanj,21.97162,86.91862,85475,0,7.46,4.73,2.73,136.3,3.73,0.823,0.849,heavy_rain,42.99,39.9
Odisha,Mayurbhanj,21.78366,86.77527,83828,0,3.57,0.43,3.14,190.0,4.95,0.98,0.311,heavy_rain,47.63,40.38
Odisha,Mayurbhanj,22.09691,86.7321,89416,0,7.2,4.87,2.33,168.5,6.25,0.741,0.829,heavy_rain,37.67,37.88
Odisha,Mayurbhanj,21.93112,86.7561,98991,0,3.65,0.36,3.29,139.3,14.58,0.862,0.11,heavy_rain,45.5,42.51
Odisha,Mayurbhanj,21.89789,86.68395,106612,0,8.42,5.51,2.92,130.1,8.35,0.551,0.282,heavy_rain,47.06,42.2
Odisha,Mayurbhanj,21.99226,86.65521,98441,0,7.43,5.21,2.22,163.3,7.63,0.691,0.556,heavy_rain,39.43,41.08
Odisha,Mayurbhanj,21.87912,86.68048,92409,0,6.5,4.54,1.96,144.1,0.1,0.73,0.398,heavy_rain,45.9,38.35
Odisha,Mayurbhanj,22.00941,86.65571,91209,0,5.1,2.22,2.88,161.0,4.75,0.98,0.342,heavy_rain,43.77,41.15
Odisha,Mayurbhanj,21.88705,86.65948,78576,0,4.66,2.88,1.78,153.3,9.33,0.481,0.834,heavy_rain,33.24,31.96
Odisha,Mayurbhanj,21.67819,86.68838,90678,0,1.78,0.33,1.45,120.3,9.36,0.585,0.668,heavy_rain,32.38,33.49
Odisha,Mayurbhanj,21.95467,86.99617,96768,0,4.19,2.58,1.61,140.1,10.5,0.654,0.432,heavy_rain,36.51,36.91
Odisha,Mayurbhanj,21.87544,86.48929,89057,0,3.22,1.04,2.18,162.5,13.38,0.534,0.217,heavy_rain,40.05,35.83
Odisha,Mayurbhanj,21.83193,86.77901,94056,0,5.11,3.48,1.63,155.5,7.85,0.874,0.471,heavy_rain,37.0,36.74
Odisha,Mayurbhanj,21.87789,86.67821,98739,0,4.08,0.95,3.12,177.1,9.22,0.98,0.82,heavy_rain,46.96,41.68
Odisha,Mayurbhanj,22.05148,86.81039,76589,0,6.85,5.9,0.94,166.7,2.78,0.486,0.161,heavy_rain,25.98,26.87
Odisha,Mayurbhanj,22.01945,86.65952,90567,0,2.49,0.2,2.29,161.7,2.56,0.447,0.213,heavy_rain,38.77,37.08
Odisha,Mayurbhanj,21.96691,86.42301,87544,0,5.61,2.3,3.31,168.6,0.1,0.98,0.54,heavy_rain,52.96,41.61
Odisha,Mayurbhanj,21.7611,86.59027,90063,0,8.83,7.08,1.75,140.8,14.85,0.98,0.183,heavy_rain,39.87,37.86
Odisha,Mayurbhanj,21.87579,86.78254,89568,0,8.17,5.31,2.86,142.7,9.87,0.798,0.436,heavy_rain,43.49,40.23
Odisha,Mayurbhanj,22.11247,86.78741,90671,0,8.49,7.43,1.06,120.0,4.82,0.44,0.546,heavy_rain,34.11,30.78
Odisha,Mayurbhanj,21.88558,86.75188,89353,0,4.93,2.93,2.0,120.0,1.5,0.777,0.568,heavy_rain,40.13,36.69
Odisha,Mayurbhanj,21.88579,86.78155,92495,0,4.76,3.83,0.92,142.0,14.25,0.98,0.733,heavy_rain,33.15,33.11
Odisha,Nabarangpur,19.20227,82.46912,89338,0,4.93,1.82,3.11,120.0,8.45,0.649,0.21,heavy_rain,40.96,39.99
Odisha,Nabarangpur,19.15007,82.56486,92593,0,6.9,4.86,2.04,137.6,1.87,0.51,0.422,heavy_rain,34.47,37.31
Odisha,Nabarangpur,19.21618,82.5146,93545,0,5.16,3.44,1.72,127.4,2.65,0.743,0.423,heavy_rain,38.69,37.45
Odisha,Nabarangpur,19.30565,82.49554,67409,0,3.84,1.06,2.78,165.7,8.27,0.971,0.417,heavy_rain,37.02,38.53
Odisha,Nabarangpur,19.34887,82.64122,79699,0,6.9,4.02,2.88,198.0,6.61,0.721,0.531,heavy_rain,36.1,39.31
Odisha,Nabarangpur,19.33451,82.37021,93463,0,1.94,0.2,1.74,175.7,7.94,0.445,0.374,heavy_rain,36.23,34.98
Odisha,Nabarangpur,19.40563,82.65477,97173,0,1.52,0.2,1.32,181.2,13.77,0.49,0.506,heavy_rain,36.24,35.1
Odisha,Nabarangpur,19.32205,82.38626,98734,0,8.89,7.24,1.65,120.0,0.1,0.483,0.402,heavy_rain,43.22,38.87
Odisha,Nabarangpur,19.22731,82.64422,85240,0,4.34,1.98,2.37,126.1,2.64,0.477,0.829,heavy_rain,36.85,36.59
Odisha,Nabarangpur,19.39863,82.52301,95436,0,2.48,1.42,1.06,134.7,14.72,0.764,0.487,heavy_rain,32.98,32.85
Odisha,Nabarangpur,19.22593,82.37468,65907,0,7.67,6.68,0.99,120.0,7.62,0.962,0.577,heavy_rain,27.71,27.67
Odisha,Nabarangpur,19.23813,82.60746,108419,0,8.0,6.34,1.66,148.0,11.44,0.586,0.234,heavy_rain,39.91,40.15
Odisha,Nabarangpur,18.94192,82.46655,87392,0,2.93,0.2,2.73,137.0,7.94,0.833,0.366,heavy_rain,42.06,39.45
Odisha,Nabarangpur,19.32318,82.21531,81825,0,1.74,0.76,0.98,172.3,13.29,0.98,0.362,heavy_rain,33.22,32.6
Odisha,Nabarangpur,19.19441,82.44643,83875,0,8.52,5.89,2.63,129.4,2.29,0.748,0.098,heavy_rain,40.61,40.03
Odisha,Nabarangpur,19.33299,82.45436,86359,0,4.69,3.36,1.32,164.6,0.1,0.937,0.588,heavy_rain,40.72,34.74
Odisha,Nabarangpur,19.23753,82.52391,87993,0,1.66,0.2,1.46,146.6,11.2,0.577,0.247,heavy_rain,34.24,33.05
Odisha,Nabarangpur,19.13578,82.61828,86384,0,7.68,4.26,3.42,167.3,1.37,0.825,0.383,heavy_rain,46.07,41.69
Odisha,Nabarangpur,19.16937,82.65003,90494,0,3.56,0.28,3.27,205.8,0.1,0.696,0.187,heavy_rain,51.02,41.47
Odisha,Nabarangpur,19.5218,82.77507,93674,0,2.04,0.73,1.31,172.4,13.97,0.887,0.102,heavy_rain,38.18,36.33
Odisha,Nabarangpur,19.27225,82.73244,81724,0,3.85,2.01,1.83,151.5,8.63,0.98,0.663,heavy_rain,34.07,35.54
Odisha,Nabarangpur,19.14313,82.602,84777,0,6.77,3.94,2.83,180.4,7.27,0.828,0.326,heavy_rain,41.42,39.87
Odisha,Nayagarh,20.27364,85.19618,90489,0,2.9,1.6,1.3,121.1,11.07,0.762,0.515,heavy_rain,34.55,34.0
Odisha,Nayagarh,20.16271,84.90894,84029,0,6.62,4.25,2.37,185.1,12.27,0.439,0.117,heavy_rain,39.18,35.12
Odisha,Nayagarh,20.11587,85.04494,89578,0,2.85,0.38,2.48,125.2,6.13,0.98,0.694,heavy_rain,38.49,38.71
Odisha,Nayagarh,20.35567,85.17645,85845,0,6.02,3.26,2.77,153.1,10.51,0.417,0.284,heavy_rain,37.63,38.3
Odisha,Nayagarh,20.08634,85.02081,75842,0,7.54,5.63,1.92,163.8,14.26,0.98,0.215,heavy_rain,36.33,35.15
Odisha,Nayagarh,20.03404,85.12942,103309,0,2.16,0.29,1.87,174.3,11.04,0.85,0.204,heavy_rain,41.74,39.94
Odisha,Nayagarh,20.00496,85.0641,87719,0,3.47,0.55,2.92,145.4,0.54,0.568,0.267,heavy_rain,45.59,41.06
Odisha,Nayagarh,19.94997,85.03869,82758,0,5.27,3.49,1.78,136.5,2.18,0.461,0.742,heavy_rain,31.21,31.99
Odisha,Nayagarh,20.32116,85.04836,88190,0,4.76,2.88,1.88,181.1,2.97,0.529,0.31,heavy_rain,34.62,36.1
Odisha,Nayagarh,20.02196,85.11099,96587,0,8.07,6.15,1.93,160.7,14.13,0.71,0.091,heavy_rain,40.71,38.26
Odisha,Nayagarh,20.06218,85.0147,88906,0,8.37,6.86,1.52,159.0,2.05,0.462,0.198,heavy_rain,34.75,36.27
Odisha,Nayagarh,20.05851,85.13847,103114,0,7.33,5.38,1.95,176.9,5.2,0.6,0.429,heavy_rain,45.48,39.72
Odisha,Nayagarh,20.21513,85.26955,87046,0,5.99,2.72,3.27,120.0,0.31,0.783,0.177,heavy_rain,48.79,42.3
Odisha,Nayagarh,20.05519,85.1121,96081,0,4.23,2.62,1.61,124.9,14.32,0.829,0.729,heavy_rain,35.59,36.27
Odisha,Nayagarh,20.16982,84.94994,84426,0,3.89,1.16,2.73,169.4,13.88,0.532,0.663,heavy_rain,36.89,37.63
Odisha,Nayagarh,20.15607,84.99366,82018,0,3.94,0.57,3.37,128.4,14.72,0.98,0.693,heavy_rain,42.9,39.38
Odisha,Nayagarh,20.24345,85.05985,98249,0,2.32,0.38,1.94,134.1,4.99,0.818,0.618,heavy_rain,38.07,38.39
Odisha,Nayagarh,20.01574,85.18544,97445,0,2.23,0.2,2.03,198.3,14.95,0.48,0.719,heavy_rain,40.27,37.28
Odisha,Nayagarh,20.04647,85.17479,74083,0,2.2,0.2,2.0,159.8,3.9,0.975,0.228,heavy_rain,32.9,36.21
Odisha,Nayagarh,20.1333,85.2379,96450,0,8.79,7.6,1.19,149.1,10.96,0.452,0.174,heavy_rain,33.31,33.54
Odisha,Nayagarh,20.22032,85.16862,88408,0,5.09,4.0,1.09,138.6,2.14,0.959,0.108,heavy_rain,35.11,33.87
Odisha,Nayagarh,20.26326,85.15334,84378,0,4.06,1.94,2.12,158.8,1.93,0.902,0.633,heavy_rain,36.68,37.79
Odisha,Nuapada,20.94871,82.54517,88148,0,7.78,6.05,1.73,151.4,10.78,0.98,0.46,heavy_rain,36.33,36.12
Odisha,Nuapada,20.91545,82.48317,83235,0,7.32,4.71,2.6,154.0,4.24,0.833,0.684,heavy_rain,39.61,39.5
Odisha,Nuapada,20.79361,82.39331,90812,0,4.5,2.45,2.05,122.9,4.47,0.765,0.265,heavy_rain,37.21,37.04
Odisha,Nuapada,20.74499,82.5641,89453,0,6.95,5.22,1.73,169.5,8.5,0.98,0.343,heavy_rain,40.98,36.82
Odisha,Nuapada,20.68407,82.57149,85359,0,6.11,3.77,2.34,120.0,12.28,0.536,0.108,heavy_rain,35.09,35.26
Odisha,Nuapada,20.74445,82.56353,94209,0,5.21,1.91,3.3,148.0,5.26,0.916,0.788,heavy_rain,43.79,41.68
Odisha,Nuapada,20.67163,82.39988,94209,0,7.29,6.04,1.24,150.8,0.1,0.432,0.306,heavy_rain,39.07,35.98
Odisha,Nuapada,20.845,82.51136,109486,0,3.95,0.57,3.38,140.0,0.1,0.607,0.47,heavy_rain,52.84,43.12
Odisha,Nuapada,20.97376,82.57839,74545,0,5.43,4.24,1.19,157.5,0.75,0.484,0.167,heavy_rain,32.45,29.78
Odisha,Nuapada,20.82796,82.68849,85202,0,5.53,3.46,2.07,161.6,10.88,0.98,0.291,heavy_rain,37.79,36.6
Odisha,Nuapada,20.9991,82.30219,99472,0,4.26,1.86,2.4,145.0,6.84,0.439,0.552,heavy_rain,42.68,38.83
Odisha,Nuapada,20.66855,82.34983,79980,0,7.0,4.72,2.28,120.0,13.85,0.842,0.513,heavy_rain,32.35,34.79
Odisha,Nuapada,20.87695,82.53283,86163,0,1.89,0.2,1.69,128.5,12.38,0.761,0.724,heavy_rain,33.25,33.47
Odisha,Nuapada,20.78985,82.51725,83205,0,3.13,0.35,2.79,178.1,13.51,0.786,0.164,heavy_rain,42.34,39.27
Odisha,Nuapada,20.47337,82.56017,86937,0,5.74,2.81,2.93,132.4,9.11,0.816,0.79,heavy_rain,39.24,40.17
Odisha,Nuapada,20.61986,82.60046,92419,0,7.96,6.39,1.57,136.8,6.31,0.706,0.398,heavy_rain,36.47,36.16
Odisha,Nuapada,20.73819,82.48744,91243,0,2.95,0.54,2.41,137.4,7.71,0.9,0.28,heavy_rain,41.83,39.23
Odisha,Nuapada,20.74233,82.62111,103165,0,5.79,2.37,3.41,173.6,11.78,0.523,0.585,heavy_rain,43.81,40.94
Odisha,Nuapada,20.84532,82.59122,101524,0,2.54,0.2,2.34,178.4,7.35,0.847,0.628,heavy_rain,43.09,41.24
Odisha,Nuapada,20.96559,82.6725,89982,0,5.3,3.91,1.39,183.9,8.09,0.98,0.115,heavy_rain,36.76,36.04
Odisha,Nuapada,20.69773,82.5049,84282,0,8.75,7.73,1.02,120.0,0.9,0.556,0.702,heavy_rain,30.75,32.35
Odisha,Nuapada,20.88082,82.47155,76266,0,2.78,0.2,2.58,144.6,5.19,0.744,0.638,heavy_rain,31.93,37.91
Odisha,Puri,19.89875,85.80782,97660,1,5.9,3.05,2.84,152.9,2.64,0.569,0.567,heavy_rain,50.11,52.76
Odisha,Puri,19.74992,85.86119,100369,1,4.77,2.31,2.45,127.7,10.84,0.594,0.139,heavy_rain,51.1,50.85
Odisha,Puri,19.8709,85.87349,99614,1,5.91,2.32,3.59,174.6,9.72,0.545,0.817,heavy_rain,55.24,51.96
Odisha,Puri,19.78377,85.96841,104974,1,1.79,0.2,1.59,176.3,4.88,0.548,0.269,heavy_rain,46.86,48.12
Odisha,Puri,19.82214,85.76482,92964,1,8.13,6.13,2.0,154.4,10.46,0.917,0.285,heavy_rain,50.28,46.76
Odisha,Puri,19.79508,85.74863,98074,1,3.54,1.69,1.86,162.2,0.2,0.436,0.204,heavy_rain,52.79,48.96
Odisha,Puri,19.6519,85.82317,111887,1,4.46,3.01,1.44,166.4,8.47,0.98,0.113,heavy_rain,48.7,49.48
Odisha,Puri,20.00139,85.84469,91621,1,7.37,4.1,3.26,146.6,0.1,0.893,0.581,heavy_rain,57.39,55.06
Odisha,Puri,19.89896,85.79967,104231,1,6.92,5.26,1.66,136.0,14.58,0.875,0.095,heavy_rain,48.33,48.08
Odisha,Puri,19.73859,85.86054,90780,1,1.99,0.2,1.79,135.1,14.1,0.578,0.588,heavy_rain,46.92,46.32
Odisha,Puri,19.8086,85.83546,99433,1,2.92,0.2,2.72,122.4,6.06,0.485,0.515,heavy_rain,50.28,50.18
Odisha,Puri,19.79437,85.86764,85558,1,4.24,1.23,3.01,120.0,11.41,0.758,0.709,heavy_rain,47.63,51.48
Odisha,Puri,19.7509,85.7219,90368,1,8.02,5.44,2.58,177.0,2.72,0.683,0.755,heavy_rain,46.28,51.27
Odisha,Puri,19.96828,86.00663,95188,1,4.02,2.19,1.83,150.2,10.86,0.98,0.483,heavy_rain,49.53,46.43
Odisha,Puri,19.67576,85.69444,107070,1,8.1,5.09,3.01,167.0,3.75,0.804,0.312,heavy_rain,57.02,54.03
Odisha,Puri,19.58414,85.76047,98442,1,3.01,0.89,2.12,143.7,6.03,0.942,0.803,heavy_rain,50.11,48.13
Odisha,Puri,20.0449,86.01537,111638,1,2.64,0.81,1.82,140.5,10.04,0.98,0.442,heavy_rain,52.75,51.18
Odisha,Puri,19.71912,85.79073,102634,1,1.62,0.2,1.42,149.3,10.36,0.98,0.23,heavy_rain,49.61,46.39
Odisha,Puri,19.76138,85.82918,113663,1,2.99,0.2,2.79,151.3,3.96,0.98,0.778,heavy_rain,57.31,52.45
Odisha,Puri,19.91046,85.99838,94344,1,2.71,1.0,1.7,146.0,9.88,0.747,0.704,heavy_rain,45.67,46.96
Odisha,Puri,19.69432,85.69264,92679,1,3.89,1.02,2.88,144.6,5.65,0.618,0.369,heavy_rain,50.21,51.05
Odisha,Puri,19.84893,86.07494,89618,1,1.01,0.2,0.81,127.6,1.26,0.931,0.72,heavy_rain,42.34,44.34
Odisha,Rayagada,19.03216,83.58338,101662,0,7.16,5.2,1.96,152.5,13.08,0.979,0.367,heavy_rain,41.39,39.63
Odisha,Rayagada,19.27384,83.4254,102238,0,4.85,1.76,3.09,142.4,3.34,0.795,0.119,heavy_rain,47.75,43.07
Odisha,Rayagada,19.02844,83.49853,92755,0,3.95,2.27,1.69,180.0,6.84,0.758,0.153,heavy_rain,40.16,36.59
Odisha,Rayagada,19.12847,83.37086,75787,0,4.41,2.63,1.78,204.9,0.27,0.642,0.105,heavy_rain,40.25,34.74
Odisha,Rayagada,19.15843,83.3965,79089,0,7.59,5.74,1.85,138.5,9.23,0.525,0.551,heavy_rain,34.6,30.8
Odisha,Rayagada,19.20798,83.22783,99084,0,5.5,2.86,2.65,185.8,7.18,0.868,0.398,heavy_rain,43.94,41.47
Odisha,Rayagada,19.13845,83.47468,77296,0,5.4,3.85,1.55,146.9,3.57,0.948,0.745,heavy_rain,34.62,34.02
Odisha,Rayagada,19.04389,83.34477,104178,0,6.04,3.78,2.26,127.0,11.46,0.476,0.491,heavy_rain,42.27,40.13
Odisha,Rayagada,19.16921,83.46415,86132,0,2.12,0.2,1.92,160.7,9.56,0.584,0.65,heavy_rain,40.36,33.97
Odisha,Rayagada,19.30529,83.31147,76514,0,3.52,0.71,2.82,120.0,7.19,0.522,0.766,heavy_rain,34.29,37.49
Odisha,Rayagada,19.08339,83.32999,97695,0,7.13,4.7,2.43,159.4,7.37,0.712,0.099,heavy_rain,42.41,41.51
Odisha,Rayagada,19.22981,83.38225,88262,0,1.86,0.2,1.66,132.5,6.51,0.93,0.809,heavy_rain,36.78,35.04
Odisha,Rayagada,19.13667,83.55519,90984,0,1.84,0.2,1.64,136.6,1.71,0.565,0.622,heavy_rain,34.48,35.85
Odisha,Rayagada,19.17104,83.51181,78913,0,1.98,0.6,1.37,138.5,0.1,0.624,0.594,heavy_rain,34.93,32.27
Odisha,Rayagada,19.00415,83.39969,97626,0,8.89,7.4,1.49,179.4,9.99,0.683,0.418,heavy_rain,38.32,37.91
Odisha,Rayagada,18.8155,83.39116,83786,0,5.96,4.46,1.5,149.5,1.09,0.559,0.339,heavy_rain,34.42,33.33
Odisha,Rayagada,19.22677,83.45166,97635,0,5.5,4.44,1.05,155.2,13.99,0.595,0.191,heavy_rain,33.18,34.52
Odisha,Rayagada,19.24459,83.22282,105432,0,7.84,4.54,3.3,147.5,10.91,0.98,0.746,heavy_rain,50.19,41.66
Odisha,Rayagada,19.19729,83.47589,101090,0,5.88,2.83,3.04,149.9,11.75,0.657,0.631,heavy_rain,45.5,41.42
Odisha,Rayagada,19.18372,83.68306,98806,0,4.6,2.36,2.24,141.0,13.62,0.837,0.548,heavy_rain,42.07,40.37
Odisha,Rayagada,19.2628,83.42862,94793,0,5.95,4.28,1.67,159.7,1.18,0.98,0.135,heavy_rain,40.5,38.73
Odisha,Rayagada,19.05204,83.44969,76724,0,5.89,3.02,2.88,182.0,4.59,0.967,0.634,heavy_rain,39.82,39.7
Odisha,Sambalpur,21.60528,83.94768,104865,0,3.85,1.96,1.89,159.7,10.68,0.98,0.416,heavy_rain,39.93,40.33
Odisha,Sambalpur,21.23733,84.02385,85993,0,3.17,0.48,2.69,161.7,0.1,0.424,0.227,heavy_rain,44.8,39.61
Odisha,Sambalpur,21.53901,84.11505,97550,0,5.93,3.76,2.17,126.5,13.59,0.41,0.267,heavy_rain,37.41,38.59
Odisha,Sambalpur,21.64641,84.02337,75236,0,7.42,6.37,1.05,154.5,2.0,0.98,0.611,heavy_rain,28.66,28.63
Odisha,Sambalpur,21.42942,83.81864,88484,0,5.46,2.37,3.09,120.0,2.46,0.951,0.329,heavy_rain,44.84,41.15
Odisha,Sambalpur,21.54704,83.93277,104563,0,7.62,5.45,2.17,176.8,5.46,0.7,0.509,heavy_rain,43.54,41.8
Odisha,Sambalpur,21.38241,83.93168,88369,0,2.96,0.24,2.72,153.0,10.59,0.882,0.799,heavy_rain,39.14,39.26
Odisha,Sambalpur,21.4393,83.99434,92833,0,5.56,3.11,2.45,173.2,1.95,0.724,0.447,heavy_rain,39.3,38.66
Odisha,Sambalpur,21.78009,83.96196,82638,0,8.0,5.41,2.59,155.0,13.92,0.684,0.682,heavy_rain,38.31,37.6
Odisha,Sambalpur,21.63581,84.06729,80686,0,3.03,1.29,1.74,121.5,4.9,0.453,0.561,heavy_rain,32.87,32.26
Odisha,Sambalpur,21.36086,84.0304,88957,0,3.47,1.09,2.38,154.3,0.12,0.69,0.246,heavy_rain,45.68,38.44
Odisha,Sambalpur,21.38139,84.04779,82621,0,7.82,6.54,1.27,160.1,0.48,0.71,0.322,heavy_rain,35.15,33.49
Odisha,Sambalpur,21.30204,83.95139,100750,0,3.0,0.84,2.16,140.3,2.27,0.98,0.456,heavy_rain,41.92,41.09
Odisha,Sambalpur,21.31854,84.06197,95493,0,2.34,0.49,1.85,131.8,11.49,0.67,0.6,heavy_rain,40.46,37.02
Odisha,Sambalpur,21.4467,83.94489,93278,0,3.68,2.07,1.6,156.3,4.27,0.546,0.15,heavy_rain,37.32,35.99
Odisha,Sambalpur,21.37674,83.94404,91791,0,3.75,0.9,2.86,161.2,10.88,0.763,0.177,heavy_rain,41.52,40.46
Odisha,Sambalpur,21.40122,84.09932,74679,0,5.11,2.1,3.02,174.2,6.02,0.791,0.457,heavy_rain,42.1,39.37
Odisha,Sambalpur,21.3014,84.07161,79909,0,5.64,3.12,2.52,158.6,6.21,0.77,0.742,heavy_rain,36.64,37.88
Odisha,Sambalpur,21.44158,84.08616,100720,0,6.2,4.6,1.6,169.4,0.75,0.98,0.85,heavy_rain,39.7,38.46
Odisha,Sambalpur,21.53689,83.87903,78501,0,6.68,5.22,1.47,129.6,8.18,0.715,0.312,heavy_rain,32.1,31.08
Odisha,Sambalpur,21.49411,84.0731,80431,0,3.12,2.13,0.99,139.9,1.87,0.789,0.306,heavy_rain,33.07,31.95
Odisha,Sambalpur,21.19229,83.91223,112572,0,2.18,1.25,0.93,130.5,5.12,0.693,0.576,heavy_rain,38.07,34.15
Odisha,Subarnapur,21.00785,83.89961,92060,0,6.87,5.01,1.87,175.4,14.81,0.894,0.223,heavy_rain,37.91,37.71
Odisha,Subarnapur,20.93364,84.06745,88462,0,6.87,5.55,1.32,183.4,8.68,0.876,0.376,heavy_rain,33.15,34.51
Odisha,Subarnapur,20.87704,84.07207,87208,0,3.94,2.93,1.01,147.5,5.35,0.683,0.847,heavy_rain,28.5,32.21
Odisha,Subarnapur,20.82399,83.94342,92579,0,2.4,0.2,2.2,137.2,11.24,0.518,0.133,heavy_rain,40.02,36.77
Odisha,Subarnapur,20.88323,83.89958,85159,0,4.9,3.2,1.7,122.2,15.0,0.441,0.851,heavy_rain,30.96,31.86
Odisha,Subarnapur,20.74195,83.99147,82567,0,8.8,7.87,0.93,181.9,7.26,0.881,0.608,heavy_rain,33.6,31.91
Odisha,Subarnapur,21.01983,84.0644,75307,0,7.57,4.93,2.65,156.0,0.1,0.467,0.441,heavy_rain,39.25,38.88
Odisha,Subarnapur,20.50918,83.92397,76686,0,4.6,3.47,1.13,174.2,8.33,0.892,0.797,heavy_rain,32.21,29.11
Odisha,Subarnapur,20.7167,83.87193,88752,0,7.85,4.58,3.26,176.7,10.59,0.541,0.103,heavy_rain,43.0,40.73
Odisha,Subarnapur,21.0112,83.91382,74121,0,7.96,5.72,2.24,199.8,10.44,0.98,0.447,heavy_rain,37.15,34.94
Odisha,Subarnapur,20.9491,83.60421,94347,0,6.52,5.14,1.38,147.9,12.17,0.925,0.54,heavy_rain,35.23,35.74
Odisha,Subarnapur,20.95342,83.95422,106212,0,4.26,2.57,1.68,123.2,9.79,0.699,0.273,heavy_rain,40.45,40.02
Odisha,Subarnapur,20.94114,83.86216,81443,0,4.27,2.31,1.96,121.1,0.27,0.816,0.181,heavy_rain,39.91,36.94
Odisha,Subarnapur,20.93398,83.97377,101019,0,8.26,6.68,1.58,151.5,4.48,0.98,0.625,heavy_rain,41.98,38.42
Odisha,Subarnapur,20.99954,83.7148,85340,0,8.65,7.59,1.05,136.9,2.17,0.717,0.845,heavy_rain,33.23,31.76
Odisha,Subarnapur,20.74858,83.97558,79786,0,4.59,2.57,2.03,154.8,6.56,0.502,0.798,heavy_rain,29.66,33.66
Odisha,Subarnapur,20.60768,83.86712,95931,0,7.4,4.97,2.43,120.0,3.56,0.556,0.289,heavy_rain,39.15,40.28
Odisha,Subarnapur,20.98104,83.99172,104215,0,6.99,3.6,3.39,183.4,4.13,0.506,0.336,heavy_rain,44.52,42.58
Odisha,Subarnapur,20.97341,83.82791,87303,0,4.25,2.81,1.44,130.9,3.37,0.831,0.527,heavy_rain,37.34,33.87
Odisha,Subarnapur,20.91436,83.88235,91913,0,7.93,5.89,2.04,120.0,4.97,0.935,0.423,heavy_rain,41.52,37.81
Odisha,Subarnapur,20.9861,83.92673,93335,0,7.04,4.07,2.97,154.3,6.03,0.98,0.681,heavy_rain,43.22,40.89
Odisha,Subarnapur,20.84706,83.75496,76991,0,2.05,0.2,1.85,182.0,14.19,0.98,0.674,heavy_rain,32.74,34.99
Odisha,Sundargarh,22.15933,84.12742,79276,0,2.73,1.47,1.26,166.1,10.36,0.805,0.682,heavy_rain,31.51,31.23
Odisha,Sundargarh,21.94834,83.99868,99458,0,5.54,3.47,2.07,161.1,9.54,0.553,0.241,heavy_rain,41.84,39.67
Odisha,Sundargarh,22.25546,83.94825,95919,0,3.52,0.7,2.82,179.3,13.12,0.552,0.558,heavy_rain,42.72,40.68
Odisha,Sundargarh,22.04049,84.07711,105006,0,3.08,0.88,2.19,167.4,15.07,0.414,0.582,heavy_rain,40.69,39.47
Odisha,Sundargarh,22.24408,83.82305,93827,0,6.09,3.99,2.11,148.1,15.14,0.98,0.594,heavy_rain,42.24,38.08
Odisha,Sundargarh,22.1419,84.04353,101765,0,1.92,0.2,1.72,130.8,11.32,0.721,0.205,heavy_rain,36.9,39.07
Odisha,Sundargarh,22.28865,83.75934,95629,0,3.67,1.05,2.62,120.0,10.32,0.98,0.264,heavy_rain,43.61,41.67
Odisha,Sundargarh,21.89267,84.0534,96247,0,6.05,5.12,0.93,145.3,14.59,0.89,0.769,heavy_rain,32.53,33.07
Odisha,Sundargarh,22.13868,84.16632,87495,0,6.87,4.24,2.63,154.6,0.61,0.691,0.285,heavy_rain,42.04,41.04
Odisha,Sundargarh,21.98782,84.13042,104263,0,5.27,2.04,3.23,141.2,0.28,0.449,0.402,heavy_rain,45.14,42.5
Odisha,Sundargarh,22.08128,84.16964,97301,0,6.13,3.17,2.96,155.6,11.61,0.746,0.642,heavy_rain,42.72,41.5
Odisha,Sundargarh,22.20119,83.85702,92585,0,4.95,3.7,1.24,137.7,13.73,0.429,0.593,heavy_rain,34.79,32.61
Odisha,Sundargarh,22.04439,84.2356,87360,0,6.26,5.26,1.0,142.1,11.21,0.769,0.481,heavy_rain,30.58,32.4
Odisha,Sundargarh,22.2389,84.08968,90308,0,2.62,0.2,2.42,132.8,11.45,0.493,0.806,heavy_rain,39.03,36.04
Odisha,Sundargarh,21.93653,84.02324,83066,0,7.06,5.57,1.49,151.0,8.78,0.559,0.74,heavy_rain,31.54,30.41
Odisha,Sundargarh,22.25971,84.00718,89932,0,5.1,2.88,2.23,134.5,5.07,0.637,0.596,heavy_rain,40.73,37.51
Odisha,Sundargarh,22.12552,83.97952,82137,0,8.3,7.13,1.17,166.8,11.11,0.98,0.769,heavy_rain,31.5,32.93
Odisha,Sundargarh,22.06012,83.7405,86545,0,6.26,4.65,1.61,134.8,6.82,0.975,0.172,heavy_rain,36.85,35.77
Odisha,Sundargarh,22.22666,83.98409,85677,0,2.66,0.2,2.46,142.0,13.64,0.98,0.528,heavy_rain,39.86,36.68
Odisha,Sundargarh,22.37622,84.09307,98070,0,8.06,5.72,2.34,164.6,6.62,0.646,0.62,heavy_rain,40.3,40.42
Odisha,Sundargarh,22.171,83.95731,96804,0,2.5,0.8,1.71,131.8,1.38,0.98,0.645,heavy_rain,40.79,37.83
Odisha,Sundargarh,21.94459,83.94403,106524,0,8.64,5.31,3.33,163.1,12.37,0.506,0.482,heavy_rain,43.51,41.51
