state,district,latitude,longitude,water_bodies_count,coastal_exposure,pre_monsoon_water_table_m_bgl,post_monsoon_water_table_m_bgl,seasonal_rise_m,monsoon_rainfall_mm,river_proximity_km,urban_drainage_stress,wetland_buffer_index,rainfall_scenario,flood_risk_score
Odisha,Angul,20.89133,85.0315,75547,0,3.3,1.97,1.34,120,6.36,0.781,0.19,normal,29.63
Odisha,Angul,20.8263,85.30895,90464,0,2.47,1.07,1.4,120,15.65,0.715,0.244,normal,35.92
Odisha,Angul,20.5754,84.95586,91349,0,4.37,3.58,0.79,120,12.13,0.273,0.422,normal,31.62
Odisha,Angul,21.02944,85.05265,98413,0,7.51,6.49,1.02,120,4.44,0.78,0.46,normal,32.07
Odisha,Angul,20.96209,85.09126,80839,0,2.11,0.45,1.66,120,12.31,0.295,0.462,normal,31.73
Odisha,Angul,20.84573,85.13415,93120,0,5.01,2.21,2.8,120,4.28,0.319,0.75,normal,38.95
Odisha,Angul,20.74883,85.0961,94455,0,7.06,6.27,0.79,120,10.88,0.522,0.852,normal,30.33
Odisha,Angul,20.88899,85.14301,99193,0,7.11,5.85,1.26,120,12.61,0.805,0.143,normal,39.46
Odisha,Angul,20.83335,85.06419,98611,0,6.51,4.75,1.77,120,7.33,0.597,0.786,normal,34.6
Odisha,Angul,20.7379,85.05108,80293,0,3.6,2.34,1.26,120,15.5,0.816,0.453,normal,31.19
Odisha,Angul,20.94384,85.10431,88682,0,4.9,1.91,2.98,120,1.24,0.474,0.481,normal,38.12
Odisha,Angul,20.52179,85.02215,87455,0,6.91,5.04,1.86,120,10.93,0.265,0.141,normal,35.6
Odisha,Angul,20.87536,85.05258,73912,0,4.28,3.73,0.55,120,11.37,0.668,0.728,normal,24.2
Odisha,Angul,20.64683,85.11217,98809,0,3.55,1.08,2.47,120,15.78,0.397,0.746,normal,38.41
Odisha,Angul,20.76639,85.1267,88715,0,2.08,0.2,1.88,120,3.61,0.834,0.781,normal,36.36
Odisha,Angul,20.78824,85.10294,102945,0,7.09,5.03,2.06,120,8.32,0.587,0.56,normal,41.15
Odisha,Angul,21.0147,85.06121,78725,0,6.93,4.19,2.74,120,11.26,0.608,0.377,normal,36.5
Odisha,Angul,20.85074,85.27607,80668,0,8.78,7.08,1.7,120,9.52,0.645,0.437,normal,31.42
Odisha,Angul,21.08196,85.15129,90539,0,8.3,7.04,1.26,120,5.21,0.705,0.433,normal,33.65
Odisha,Angul,20.78288,85.19471,98097,0,5.85,4.16,1.69,120,13.05,0.259,0.326,normal,34.59
Odisha,Angul,20.77298,85.11927,90742,0,3.92,1.11,2.81,120,11.36,0.497,0.285,normal,39.22
Odisha,Angul,20.79011,84.95191,90982,0,1.75,0.2,1.55,120,14.94,0.654,0.564,normal,34.18
Odisha,Balangir,20.60645,83.59847,74826,0,5.68,3.76,1.92,120,3.32,0.492,0.784,normal,33.56
Odisha,Balangir,20.54711,83.24676,91289,0,3.87,1.3,2.56,120,1.88,0.586,0.373,normal,40.43
Odisha,Balangir,20.70884,83.5515,77936,0,3.93,3.4,0.52,120,13.09,0.79,0.186,normal,27.15
Odisha,Balangir,20.66238,83.57019,86472,0,4.25,1.88,2.37,120,10.59,0.552,0.687,normal,34.78
Odisha,Balangir,20.66913,83.50878,101368,0,2.96,2.3,0.66,120,15.99,0.318,0.738,normal,26.45
Odisha,Balangir,20.73252,83.45887,99668,0,8.25,7.72,0.53,120,5.08,0.405,0.177,normal,27.51
Odisha,Balangir,20.82896,83.4993,89268,0,7.59,7.03,0.55,120,7.26,0.432,0.437,normal,30.75
Odisha,Balangir,20.72053,83.44247,77272,0,3.24,2.58,0.66,120,6.02,0.416,0.506,normal,26.88
Odisha,Balangir,20.87398,83.61871,84047,0,1.92,0.2,1.72,120,8.54,0.326,0.567,normal,30.64
Odisha,Balangir,20.55848,83.77601,99133,0,3.98,1.76,2.23,120,4.88,0.519,0.85,normal,35.52
Odisha,Balangir,20.66915,83.63581,91144,0,6.4,5.15,1.25,120,5.83,0.305,0.411,normal,32.85
Odisha,Balangir,20.84578,83.48094,82436,0,1.65,0.3,1.35,120,1.77,0.409,0.779,normal,29.66
Odisha,Balangir,20.62918,83.29979,93706,0,1.91,1.18,0.73,120,11.14,0.353,0.657,normal,29.26
Odisha,Balangir,20.69359,83.49937,107287,0,3.09,0.78,2.31,120,10.32,0.68,0.242,normal,44.55
Odisha,Balangir,20.69125,83.54905,91174,0,2.99,0.2,2.79,120,13.86,0.392,0.238,normal,37.1
Odisha,Balangir,20.64311,83.43953,93609,0,2.9,2.18,0.72,120,14.14,0.426,0.381,normal,27.45
Odisha,Balangir,20.47419,83.50459,104812,0,8.11,7.01,1.09,120,5.91,0.807,0.766,normal,36.97
Odisha,Balangir,20.70269,83.39893,79204,0,5.4,4.66,0.74,120,9.89,0.441,0.207,normal,29.88
Odisha,Balangir,20.78173,83.65976,86677,0,2.26,0.5,1.76,120,13.76,0.894,0.577,normal,33.95
Odisha,Balangir,20.4932,83.39277,98600,0,1.96,1.17,0.79,120,12.13,0.256,0.62,normal,29.51
Odisha,Balangir,20.6064,83.46332,86993,0,4.64,3.58,1.06,120,9.89,0.508,0.732,normal,30.18
Odisha,Balangir,20.69631,83.5799,96620,0,3.82,3.25,0.58,120,5.38,0.231,0.576,normal,32.98
Odisha,Balasore,21.62962,87.16297,94695,1,1.19,0.2,0.99,120,2.35,0.547,0.848,normal,45.23
Odisha,Balasore,21.66042,86.79001,107046,1,7.07,5.52,1.56,120,12.34,0.463,0.782,normal,47.72
Odisha,Balasore,21.40353,86.96063,105832,1,1.82,0.2,1.62,120,7.98,0.682,0.711,normal,47.68
Odisha,Balasore,21.44594,86.69577,106131,1,4.24,1.89,2.35,120,8.2,0.62,0.772,normal,49.83
Odisha,Balasore,21.4754,87.07887,108139,1,7.54,6.55,0.99,120,12.91,0.256,0.409,normal,42.33
Odisha,Balasore,21.52337,86.96898,110349,1,4.9,3.45,1.45,120,13.35,0.225,0.702,normal,46.28
Odisha,Balasore,21.56625,86.96622,110947,1,6.34,3.03,3.32,120,11.56,0.565,0.563,normal,51.53
Odisha,Balasore,21.61276,86.74374,93331,1,7.52,5.89,1.63,120,13.11,0.893,0.545,normal,47.81
Odisha,Balasore,21.4266,86.89145,89660,1,4.23,2.87,1.36,120,8.66,0.34,0.203,normal,39.79
Odisha,Balasore,21.58223,87.06328,108628,1,5.24,3.58,1.66,120,6.2,0.847,0.692,normal,48.13
Odisha,Balasore,21.49712,86.75168,103740,1,5.79,4.6,1.19,120,1.96,0.435,0.724,normal,46.44
Odisha,Balasore,21.54144,86.91026,120119,1,7.53,5.16,2.37,120,11.8,0.35,0.333,normal,51.9
Odisha,Balasore,21.2755,86.9117,105309,1,4.95,3.28,1.68,120,15.42,0.391,0.716,normal,46.41
Odisha,Balasore,21.26084,86.77688,110295,1,4.87,3.65,1.22,120,4.12,0.759,0.521,normal,46.9
Odisha,Balasore,21.43738,86.86071,107911,1,3.71,0.76,2.95,120,8.73,0.656,0.439,normal,51.04
Odisha,Balasore,21.52846,86.9578,116403,1,5.97,4.67,1.3,120,7.44,0.37,0.533,normal,45.63
Odisha,Balasore,21.49408,86.82536,100620,1,7.18,3.96,3.23,120,13.68,0.319,0.488,normal,52.5
Odisha,Balasore,21.59094,86.91682,97089,1,2.4,1.54,0.86,120,5.57,0.485,0.41,normal,40.34
Odisha,Balasore,21.41879,87.10529,106779,1,4.21,1.74,2.47,120,4.15,0.746,0.343,normal,51.93
Odisha,Balasore,21.41192,87.02346,84807,1,4.17,2.65,1.52,120,8.59,0.573,0.223,normal,45.91
Odisha,Balasore,21.55229,86.78295,101954,1,2.5,0.76,1.74,120,6.63,0.558,0.864,normal,47.14
Odisha,Balasore,21.55429,86.98348,88758,1,5.65,2.54,3.11,120,3.01,0.352,0.729,normal,50.09
Odisha,Bargarh,21.34989,83.66997,85329,0,5.55,4.34,1.21,120,15.87,0.649,0.368,normal,32.63
Odisha,Bargarh,21.35089,83.47998,94065,0,6.98,5.83,1.15,120,8.59,0.321,0.634,normal,32.92
Odisha,Bargarh,21.11002,83.85948,104633,0,7.6,6.46,1.14,120,0.99,0.74,0.554,normal,37.61
Odisha,Bargarh,21.38159,83.2727,103535,0,2.13,1.29,0.85,120,0.86,0.754,0.691,normal,34.02
Odisha,Bargarh,21.5021,83.74925,105669,0,2.88,1.44,1.43,120,6.93,0.781,0.441,normal,40.05
Odisha,Bargarh,21.24179,83.49406,77353,0,1.83,0.2,1.63,120,6.02,0.458,0.286,normal,30.01
Odisha,Bargarh,21.29625,83.58987,85800,0,2.05,0.2,1.85,120,15.44,0.642,0.793,normal,33.9
Odisha,Bargarh,21.41989,83.46602,83207,0,5.3,3.45,1.85,120,2.27,0.678,0.595,normal,29.2
Odisha,Bargarh,21.04599,83.39509,77267,0,7.37,4.78,2.59,120,0.2,0.575,0.323,normal,46.17
Odisha,Bargarh,21.47897,83.766,84089,0,3.42,1.16,2.26,120,1.21,0.743,0.746,normal,38.25
Odisha,Bargarh,21.38767,83.52359,100352,0,2.03,0.85,1.18,120,7.78,0.626,0.695,normal,34.97
Odisha,Bargarh,21.28453,83.53563,88196,0,2.23,1.37,0.86,120,10.89,0.642,0.316,normal,29.5
Odisha,Bargarh,21.35026,83.64132,92524,0,3.24,1.71,1.52,120,5.05,0.846,0.134,normal,35.82
Odisha,Bargarh,21.32987,83.60108,93033,0,8.79,7.53,1.26,120,14.33,0.474,0.161,normal,31.09
Odisha,Bargarh,21.43909,83.72097,85472,0,3.16,2.17,0.99,120,13.5,0.633,0.554,normal,35.18
Odisha,Bargarh,21.25619,83.5378,92775,0,5.32,3.67,1.65,120,6.75,0.28,0.785,normal,33.0
Odisha,Bargarh,21.30902,83.92355,85479,0,5.72,4.3,1.41,120,15.07,0.628,0.567,normal,34.34
Odisha,Bargarh,21.28854,83.47545,90220,0,6.34,4.16,2.17,120,2.84,0.463,0.74,normal,34.97
Odisha,Bargarh,21.28321,83.62823,95067,0,2.58,0.2,2.38,120,10.92,0.363,0.329,normal,39.07
Odisha,Bargarh,21.31259,83.75694,87563,0,4.18,2.52,1.66,120,3.5,0.644,0.66,normal,31.52
Odisha,Bargarh,21.33158,83.61632,80959,0,7.53,6.19,1.34,120,14.42,0.441,0.736,normal,29.69
Odisha,Bargarh,21.20493,83.66528,88168,0,7.34,4.49,2.86,120,7.92,0.784,0.807,normal,41.91
Odisha,Bhadrak,20.8987,86.45908,110129,1,4.37,3.16,1.21,120,4.26,0.84,0.155,normal,50.15
Odisha,Bhadrak,20.93725,86.46758,86492,1,4.2,2.38,1.82,120,11.2,0.685,0.786,normal,45.39
Odisha,Bhadrak,21.21899,86.46262,90193,1,1.88,0.2,1.68,120,6.81,0.325,0.721,normal,40.59
Odisha,Bhadrak,21.14855,86.37246,99403,1,5.65,3.35,2.3,120,13.24,0.79,0.331,normal,49.04
Odisha,Bhadrak,21.1835,86.52787,92407,1,4.55,1.65,2.9,120,1.54,0.415,0.829,normal,50.27
Odisha,Bhadrak,21.2972,86.70054,89604,1,6.94,5.25,1.69,120,12.38,0.462,0.225,normal,46.08
Odisha,Bhadrak,21.01947,86.53058,104461,1,1.87,0.44,1.44,120,14.09,0.824,0.298,normal,45.57
Odisha,Bhadrak,21.1141,86.38127,107826,1,2.04,0.2,1.84,120,0.82,0.569,0.299,normal,51.42
Odisha,Bhadrak,20.91893,86.677,95923,1,7.97,6.21,1.76,120,4.54,0.888,0.463,normal,45.41
Odisha,Bhadrak,21.14966,86.67628,89330,1,5.26,3.81,1.45,120,12.53,0.523,0.17,normal,42.83
Odisha,Bhadrak,21.16477,86.3979,89453,1,1.48,0.2,1.28,120,8.81,0.754,0.155,normal,47.84
Odisha,Bhadrak,21.18493,86.2076,94196,1,6.5,3.26,3.24,120,2.21,0.545,0.515,normal,52.66
Odisha,Bhadrak,20.96435,86.46695,76084,1,4.19,1.39,2.79,120,11.6,0.861,0.476,normal,47.82
Odisha,Bhadrak,21.12878,86.35222,108683,1,7.51,5.08,2.43,120,11.48,0.449,0.474,normal,51.03
Odisha,Bhadrak,21.07372,86.71524,105224,1,5.17,3.49,1.67,120,2.19,0.302,0.468,normal,46.71
Odisha,Bhadrak,21.09653,86.47297,104404,1,1.87,0.26,1.61,120,14.45,0.573,0.648,normal,47.48
Odisha,Bhadrak,20.85259,86.51849,84712,1,4.83,3.3,1.53,120,10.94,0.599,0.278,normal,41.35
Odisha,Bhadrak,20.85012,86.44101,106705,1,6.78,5.05,1.73,120,2.98,0.892,0.807,normal,51.11
Odisha,Bhadrak,21.20058,86.39739,88184,1,2.33,0.2,2.13,120,6.7,0.903,0.652,normal,46.23
Odisha,Bhadrak,21.15211,86.49753,101194,1,3.4,1.03,2.37,120,12.69,0.265,0.577,normal,48.94
Odisha,Bhadrak,21.13969,86.41612,92842,1,2.63,0.2,2.43,120,2.88,0.25,0.182,normal,47.62
Odisha,Bhadrak,20.85544,86.47291,111232,1,6.14,4.61,1.53,120,5.08,0.528,0.86,normal,46.85
Odisha,Boudh,20.89423,84.01289,98263,0,6.07,4.77,1.31,120,10.27,0.388,0.862,normal,30.22
Odisha,Boudh,20.96504,84.11427,84905,0,2.12,1.41,0.71,120,0.42,0.566,0.227,normal,33.65
Odisha,Boudh,21.01656,84.32136,99736,0,4.57,2.68,1.89,120,9.96,0.753,0.464,normal,39.63
Odisha,Boudh,20.85792,84.36488,110268,0,3.88,3.07,0.81,120,11.71,0.498,0.18,normal,34.77
Odisha,Boudh,20.79419,84.40601,77678,0,2.49,0.41,2.08,120,13.84,0.672,0.507,normal,32.49
Odisha,Boudh,20.88536,84.3551,98455,0,8.63,6.71,1.92,120,2.09,0.575,0.508,normal,37.72
Odisha,Boudh,20.81887,84.47214,85297,0,6.25,3.8,2.45,120,11.12,0.59,0.446,normal,33.79
Odisha,Boudh,20.75802,84.00508,97208,0,3.16,0.32,2.84,120,4.67,0.593,0.501,normal,43.66
Odisha,Boudh,20.95476,84.25081,82307,0,5.23,2.88,2.35,120,3.21,0.726,0.337,normal,37.87
Odisha,Boudh,20.77921,84.51965,85495,0,7.6,6.01,1.58,120,9.84,0.331,0.613,normal,31.2
Odisha,Boudh,20.99359,84.39676,89236,0,2.55,0.54,2.01,120,13.83,0.834,0.345,normal,37.12
Odisha,Boudh,20.80689,84.49839,99171,0,4.84,4.11,0.74,120,9.23,0.802,0.146,normal,37.84
Odisha,Boudh,20.82497,84.46195,86330,0,7.54,6.65,0.89,120,12.63,0.506,0.227,normal,29.07
Odisha,Boudh,20.76154,84.33908,69202,0,5.87,4.67,1.2,120,15.92,0.703,0.336,normal,27.85
Odisha,Boudh,20.56215,84.28113,92754,0,1.66,0.2,1.46,120,8.71,0.352,0.831,normal,34.55
Odisha,Boudh,20.8756,84.28095,88667,0,6.51,3.67,2.84,120,8.85,0.813,0.694,normal,36.62
Odisha,Boudh,20.90036,84.18172,85497,0,7.16,6.59,0.57,120,1.42,0.685,0.879,normal,30.95
Odisha,Boudh,20.80256,84.17127,97332,0,3.78,2.69,1.09,120,14.9,0.827,0.835,normal,37.73
Odisha,Boudh,20.82369,84.13148,90152,0,5.78,4.31,1.47,120,8.24,0.323,0.847,normal,33.72
Odisha,Boudh,20.88398,84.01748,80285,0,7.95,5.78,2.17,120,1.97,0.904,0.223,normal,37.61
Odisha,Boudh,20.75616,84.06937,98255,0,5.05,4.33,0.72,120,6.62,0.331,0.582,normal,29.92
Odisha,Boudh,20.65063,84.24585,91958,0,5.74,2.93,2.82,120,11.69,0.466,0.216,normal,42.68
Odisha,Cuttack,20.39002,85.94228,94615,0,2.27,0.33,1.94,120,8.98,0.768,0.473,normal,37.54
Odisha,Cuttack,20.45125,85.84077,102663,0,2.35,0.2,2.15,120,3.84,0.911,0.837,normal,39.66
Odisha,Cuttack,20.53402,85.86304,96021,0,8.25,6.36,1.89,120,7.37,0.578,0.652,normal,37.62
Odisha,Cuttack,20.65476,85.8446,96439,0,7.6,4.77,2.83,120,2.98,0.533,0.741,normal,36.9
Odisha,Cuttack,20.50367,85.75902,88179,0,5.9,5.22,0.68,120,6.96,0.776,0.278,normal,26.92
Odisha,Cuttack,20.34604,85.79838,70510,0,7.49,6.87,0.62,120,1.59,0.333,0.32,normal,23.11
Odisha,Cuttack,20.46169,85.69111,89501,0,4.11,3.18,0.93,120,11.93,0.385,0.721,normal,29.39
Odisha,Cuttack,20.41369,85.93338,90529,0,7.25,4.88,2.37,120,8.34,0.435,0.517,normal,38.83
Odisha,Cuttack,20.54124,85.83058,92037,0,2.23,1.06,1.18,120,1.55,0.494,0.824,normal,35.46
Odisha,Cuttack,20.42614,85.91861,91885,0,3.6,2.56,1.03,120,8.83,0.349,0.624,normal,30.92
Odisha,Cuttack,20.46764,86.12602,73425,0,3.18,0.34,2.85,120,5.59,0.803,0.327,normal,37.26
Odisha,Cuttack,20.69508,85.9655,78190,0,6.64,5.35,1.29,120,0.76,0.607,0.809,normal,34.6
Odisha,Cuttack,20.54965,85.80444,81084,0,4.47,2.46,2.01,120,0.85,0.49,0.739,normal,35.76
Odisha,Cuttack,20.48383,85.95671,89572,0,3.47,2.53,0.94,120,0.95,0.34,0.869,normal,29.81
Odisha,Cuttack,20.34879,85.6335,102425,0,6.38,4.84,1.54,120,5.29,0.431,0.262,normal,37.04
Odisha,Cuttack,20.476,85.74242,90161,0,1.94,0.2,1.74,120,13.75,0.602,0.68,normal,32.9
Odisha,Cuttack,20.69699,85.64956,101617,0,6.89,4.8,2.09,120,2.59,0.863,0.178,normal,42.3
Odisha,Cuttack,20.46762,85.82748,89304,0,3.99,1.59,2.4,120,11.84,0.327,0.441,normal,32.97
Odisha,Cuttack,20.42411,85.87627,91047,0,7.03,4.89,2.15,120,6.8,0.496,0.609,normal,35.74
Odisha,Cuttack,20.45698,85.74901,94807,0,3.56,2.08,1.48,120,4.14,0.452,0.333,normal,35.7
Odisha,Cuttack,20.49522,85.99907,95811,0,8.38,6.04,2.33,120,0.71,0.509,0.465,normal,40.44
Odisha,Cuttack,20.41457,85.76337,82840,0,3.39,0.46,2.93,120,4.78,0.753,0.311,normal,40.93
Odisha,Deogarh,21.28988,84.83927,85291,0,3.59,2.64,0.94,120,4.03,0.841,0.385,normal,33.72
Odisha,Deogarh,21.4477,84.83527,82568,0,7.59,5.24,2.35,120,2.84,0.885,0.827,normal,38.49
Odisha,Deogarh,21.39379,84.72845,84189,0,7.82,6.01,1.8,120,1.98,0.542,0.273,normal,31.69
Odisha,Deogarh,21.61758,84.66829,87408,0,5.49,3.13,2.36,120,3.48,0.259,0.819,normal,37.42
Odisha,Deogarh,21.63695,84.80817,93112,0,7.93,7.4,0.53,120,2.0,0.909,0.142,normal,35.15
Odisha,Deogarh,21.51812,84.6108,79088,0,4.31,3.15,1.15,120,5.83,0.568,0.843,normal,29.52
Odisha,Deogarh,21.48132,84.75053,65829,0,4.0,2.93,1.07,120,2.39,0.274,0.553,normal,22.54
Odisha,Deogarh,21.76618,84.6556,90155,0,2.03,0.2,1.83,120,15.2,0.882,0.181,normal,41.38
Odisha,Deogarh,21.40434,84.80417,89853,0,4.9,3.46,1.44,120,7.29,0.696,0.52,normal,32.4
Odisha,Deogarh,21.67825,84.77933,96177,0,2.31,0.2,2.11,120,15.6,0.846,0.456,normal,39.47
Odisha,Deogarh,21.57857,84.50306,95070,0,7.59,6.52,1.07,120,9.7,0.415,0.863,normal,30.2
Odisha,Deogarh,21.57583,84.72579,90137,0,3.34,1.75,1.59,120,13.03,0.334,0.714,normal,30.84
Odisha,Deogarh,21.38461,84.79181,102833,0,7.39,5.44,1.95,120,11.88,0.398,0.569,normal,38.73
Odisha,Deogarh,21.45706,84.7902,98294,0,6.24,5.48,0.76,120,11.19,0.875,0.747,normal,35.83
Odisha,Deogarh,21.79361,84.59835,95381,0,5.64,3.46,2.18,120,12.48,0.842,0.779,normal,40.45
Odisha,Deogarh,21.36152,84.77832,88383,0,2.58,0.36,2.21,120,10.61,0.354,0.139,normal,36.47
Odisha,Deogarh,21.69991,84.78155,81511,0,5.39,4.34,1.05,120,7.68,0.513,0.228,normal,29.03
Odisha,Deogarh,21.51343,84.8349,78496,0,4.33,3.47,0.86,120,11.7,0.567,0.678,normal,27.45
Odisha,Deogarh,21.4734,84.67553,93446,0,3.86,2.25,1.61,120,10.47,0.224,0.565,normal,32.44
Odisha,Deogarh,21.53879,84.80631,85020,0,6.75,4.94,1.81,120,1.46,0.672,0.185,normal,36.57
Odisha,Deogarh,21.37971,84.65371,110966,0,4.01,2.36,1.65,120,3.24,0.745,0.384,normal,38.93
Odisha,Deogarh,21.50325,84.72737,87139,0,4.31,1.39,2.92,120,1.62,0.727,0.169,normal,43.5
Odisha,Dhenkanal,20.57608,85.65849,86626,0,4.25,3.11,1.14,120,10.58,0.365,0.358,normal,31.03
Odisha,Dhenkanal,20.62814,85.69748,71563,0,6.96,5.4,1.55,120,9.73,0.689,0.46,normal,28.28
Odisha,Dhenkanal,20.77613,85.44546,91873,0,6.62,4.35,2.27,120,10.63,0.314,0.343,normal,37.64
Odisha,Dhenkanal,20.61446,85.61636,91908,0,4.92,3.81,1.12,120,1.9,0.427,0.581,normal,33.94
Odisha,Dhenkanal,20.67444,85.78007,94299,0,6.93,5.44,1.49,120,5.6,0.377,0.151,normal,33.45
Odisha,Dhenkanal,20.70665,85.52175,95736,0,4.08,2.36,1.72,120,1.06,0.264,0.786,normal,37.41
Odisha,Dhenkanal,20.84174,85.58553,97738,0,1.97,0.2,1.77,120,4.15,0.302,0.167,normal,35.77
Odisha,Dhenkanal,20.61491,85.53616,92982,0,7.55,5.94,1.61,120,13.62,0.352,0.558,normal,34.88
Odisha,Dhenkanal,20.64589,85.55144,80900,0,5.45,2.7,2.74,120,10.63,0.414,0.191,normal,38.26
Odisha,Dhenkanal,20.62041,85.5223,98633,0,4.4,2.02,2.37,120,5.69,0.848,0.17,normal,42.16
Odisha,Dhenkanal,20.54756,85.49426,100118,0,1.86,0.2,1.66,120,2.43,0.327,0.251,normal,37.17
Odisha,Dhenkanal,20.75412,85.55766,94222,0,6.97,4.77,2.21,120,7.2,0.85,0.264,normal,41.94
Odisha,Dhenkanal,20.71081,85.52153,87623,0,2.73,2.07,0.66,120,5.77,0.476,0.613,normal,28.91
Odisha,Dhenkanal,20.693,85.58751,81726,0,2.74,1.57,1.16,120,14.48,0.71,0.441,normal,31.79
Odisha,Dhenkanal,20.68768,85.77689,99647,0,2.11,0.58,1.53,120,9.43,0.817,0.187,normal,41.08
Odisha,Dhenkanal,20.78381,85.51679,109294,0,8.26,6.77,1.48,120,3.33,0.684,0.446,normal,42.35
Odisha,Dhenkanal,20.74337,85.60004,90860,0,7.01,4.78,2.23,120,3.11,0.616,0.866,normal,38.87
Odisha,Dhenkanal,20.80107,85.54451,100103,0,6.8,4.5,2.3,120,14.31,0.509,0.4,normal,39.83
Odisha,Dhenkanal,20.51256,85.73735,91274,0,6.85,5.55,1.31,120,9.49,0.509,0.522,normal,33.19
Odisha,Dhenkanal,20.68123,85.49859,104350,0,8.25,6.63,1.62,120,3.71,0.837,0.665,normal,39.81
Odisha,Dhenkanal,20.60411,85.46987,89636,0,2.3,1.46,0.84,120,1.95,0.444,0.632,normal,31.99
Odisha,Dhenkanal,20.56931,85.48653,94905,0,8.41,6.84,1.57,120,15.0,0.574,0.468,normal,35.45
Odisha,Gajapati,19.06175,84.0735,90244,0,7.71,4.86,2.85,120,14.98,0.422,0.131,normal,43.08
Odisha,Gajapati,18.94503,84.26591,84950,0,5.26,2.75,2.51,120,11.41,0.239,0.258,normal,35.53
Odisha,Gajapati,19.24357,84.32146,96104,0,2.76,0.2,2.56,120,0.91,0.348,0.88,normal,43.14
Odisha,Gajapati,19.0587,84.25575,100870,0,4.86,3.76,1.11,120,12.6,0.617,0.323,normal,39.08
Odisha,Gajapati,19.06047,84.19521,83271,0,4.21,2.81,1.4,120,8.05,0.863,0.336,normal,34.38
Odisha,Gajapati,19.43067,84.08879,95744,0,3.33,0.92,2.41,120,2.74,0.623,0.671,normal,38.29
Odisha,Gajapati,18.99728,84.09424,77861,0,1.73,1.19,0.54,120,13.09,0.851,0.869,normal,27.73
Odisha,Gajapati,19.04572,84.15035,81902,0,1.7,0.25,1.45,120,1.68,0.418,0.569,normal,29.12
Odisha,Gajapati,19.0832,84.06912,100714,0,3.31,0.4,2.91,120,5.67,0.894,0.351,normal,45.35
Odisha,Gajapati,19.18052,84.1508,84463,0,7.95,7.06,0.89,120,13.8,0.751,0.429,normal,26.74
Odisha,Gajapati,19.2089,84.12928,91967,0,3.91,2.27,1.64,120,7.93,0.894,0.832,normal,34.44
Odisha,Gajapati,19.25957,84.08092,79626,0,5.68,3.83,1.86,120,6.95,0.333,0.432,normal,31.15
Odisha,Gajapati,19.22798,84.03064,89600,0,5.97,4.85,1.12,120,13.01,0.819,0.695,normal,34.06
Odisha,Gajapati,19.03009,84.00109,79780,0,7.33,4.96,2.37,120,0.43,0.599,0.41,normal,35.78
Odisha,Gajapati,19.15756,84.09884,78916,0,3.04,2.51,0.53,120,14.36,0.533,0.249,normal,23.76
Odisha,Gajapati,19.26735,84.13124,86454,0,5.95,3.22,2.72,120,15.89,0.661,0.709,normal,39.38
Odisha,Gajapati,19.47769,84.31663,88675,0,4.28,3.22,1.07,120,13.88,0.487,0.524,normal,31.6
Odisha,Gajapati,19.2107,84.14684,95594,0,8.18,5.22,2.96,120,4.46,0.34,0.654,normal,37.37
Odisha,Gajapati,19.16971,84.19608,107702,0,5.78,4.42,1.36,120,0.25,0.421,0.195,normal,41.16
Odisha,Gajapati,19.11426,84.07845,90030,0,4.44,2.19,2.25,120,7.37,0.538,0.637,normal,39.52
Odisha,Gajapati,19.13313,84.13551,96549,0,5.68,2.98,2.7,120,8.57,0.596,0.878,normal,39.63
Odisha,Gajapati,19.21919,84.24633,92256,0,4.34,1.5,2.83,120,9.46,0.722,0.173,normal,38.47
Odisha,Ganjam,19.38479,84.87006,97124,1,7.25,4.9,2.35,120,7.85,0.314,0.427,normal,46.96
Odisha,Ganjam,19.51256,84.84152,88465,1,1.39,0.2,1.19,120,4.87,0.573,0.283,normal,42.7
Odisha,Ganjam,19.50636,84.77089,99486,1,5.3,2.75,2.55,120,6.26,0.701,0.838,normal,52.77
Odisha,Ganjam,19.16449,84.86717,103433,1,1.13,0.2,0.93,120,4.67,0.483,0.358,normal,42.81
Odisha,Ganjam,19.34749,84.73034,96090,1,7.22,5.79,1.43,120,0.38,0.674,0.136,normal,51.07
Odisha,Ganjam,19.40582,84.67712,105087,1,4.23,1.17,3.06,120,14.0,0.416,0.263,normal,53.04
Odisha,Ganjam,19.3108,84.79517,111337,1,1.54,0.2,1.34,120,0.2,0.657,0.439,normal,51.24
Odisha,Ganjam,19.36912,84.66232,96615,1,1.47,0.2,1.27,120,6.06,0.28,0.246,normal,43.99
Odisha,Ganjam,19.28058,84.74973,89060,1,7.77,5.04,2.73,120,6.3,0.575,0.827,normal,50.24
Odisha,Ganjam,19.16021,84.79865,91709,1,1.7,0.2,1.5,120,8.94,0.79,0.242,normal,47.14
Odisha,Ganjam,19.36633,84.63585,110868,1,1.75,0.2,1.55,120,3.46,0.911,0.45,normal,53.63
Odisha,Ganjam,19.34632,84.81357,109198,1,5.58,2.74,2.84,120,6.05,0.635,0.132,normal,55.84
Odisha,Ganjam,19.24405,84.99835,116183,1,7.15,4.82,2.33,120,10.09,0.342,0.523,normal,51.89
Odisha,Ganjam,19.11214,84.70005,108100,1,3.7,0.54,3.16,120,8.81,0.869,0.502,normal,53.9
Odisha,Ganjam,19.23146,84.64859,102149,1,2.26,0.2,2.06,120,3.76,0.301,0.663,normal,47.56
Odisha,Ganjam,19.23234,84.65872,104697,1,5.75,4.7,1.05,120,14.07,0.811,0.85,normal,46.7
Odisha,Ganjam,19.4383,84.80768,111429,1,4.44,2.96,1.48,120,1.08,0.599,0.361,normal,53.11
Odisha,Ganjam,19.48481,84.80058,98328,1,5.56,4.09,1.47,120,14.65,0.459,0.129,normal,48.91
Odisha,Ganjam,19.31504,84.80005,101706,1,4.24,2.66,1.58,120,6.18,0.276,0.162,normal,44.57
Odisha,Ganjam,19.44077,84.89537,105785,1,1.79,0.2,1.59,120,11.55,0.828,0.66,normal,50.21
Odisha,Ganjam,19.26129,84.69604,96227,1,5.78,4.3,1.48,120,3.11,0.231,0.502,normal,44.69
Odisha,Ganjam,19.31072,84.70107,99451,1,2.16,0.2,1.96,120,4.94,0.537,0.772,normal,48.47
Odisha,Jagatsinghpur,20.30192,86.14591,101970,1,1.97,0.2,1.77,120,3.48,0.378,0.346,normal,48.07
Odisha,Jagatsinghpur,20.43863,86.51254,93211,1,4.22,3.1,1.12,120,3.02,0.592,0.318,normal,44.27
Odisha,Jagatsinghpur,20.2259,86.16195,90668,1,2.2,0.2,2.0,120,7.49,0.483,0.413,normal,48.02
Odisha,Jagatsinghpur,20.24686,86.22829,97574,1,5.69,3.37,2.32,120,1.77,0.721,0.235,normal,52.64
Odisha,Jagatsinghpur,20.17095,86.3568,90749,1,6.97,4.55,2.42,120,4.31,0.587,0.404,normal,45.43
Odisha,Jagatsinghpur,20.37125,85.92251,95736,1,4.64,2.54,2.1,120,3.78,0.328,0.525,normal,45.38
Odisha,Jagatsinghpur,20.24683,86.24467,99349,1,4.59,2.76,1.84,120,4.62,0.609,0.639,normal,46.26
Odisha,Jagatsinghpur,20.34745,86.18757,92971,1,2.62,1.11,1.5,120,3.21,0.731,0.762,normal,46.68
Odisha,Jagatsinghpur,20.1946,86.34482,103689,1,7.52,5.92,1.61,120,10.17,0.432,0.771,normal,43.78
Odisha,Jagatsinghpur,20.19452,86.1892,109076,1,3.98,2.44,1.55,120,0.48,0.549,0.445,normal,53.35
Odisha,Jagatsinghpur,20.27501,86.37178,96579,1,2.57,0.2,2.37,120,3.08,0.341,0.859,normal,46.66
Odisha,Jagatsinghpur,20.31796,86.18217,96388,1,6.15,4.73,1.42,120,8.55,0.722,0.823,normal,42.82
Odisha,Jagatsinghpur,20.46216,86.13023,99897,1,2.82,0.2,2.62,120,2.41,0.419,0.393,normal,49.49
Odisha,Jagatsinghpur,20.07901,86.22233,87759,1,5.28,2.08,3.2,120,5.93,0.886,0.691,normal,52.85
Odisha,Jagatsinghpur,20.30619,86.21028,108032,1,1.04,0.2,0.84,120,2.89,0.88,0.529,normal,47.72
Odisha,Jagatsinghpur,20.32522,86.15852,101705,1,4.76,3.71,1.05,120,11.01,0.808,0.431,normal,45.6
Odisha,Jagatsinghpur,20.35032,85.98968,101347,1,5.61,3.52,2.09,120,9.9,0.834,0.712,normal,46.97
Odisha,Jagatsinghpur,20.13538,86.05324,92949,1,5.45,3.26,2.19,120,1.18,0.356,0.783,normal,46.74
Odisha,Jagatsinghpur,20.39768,86.09192,110137,1,7.53,6.67,0.86,120,11.46,0.724,0.164,normal,46.9
Odisha,Jagatsinghpur,20.28124,86.16523,86688,1,1.6,0.2,1.4,120,2.0,0.346,0.769,normal,41.48
Odisha,Jagatsinghpur,20.274,86.29866,103700,1,3.08,1.24,1.84,120,6.11,0.382,0.161,normal,46.05
Odisha,Jagatsinghpur,20.28044,86.16634,100712,1,6.76,5.42,1.34,120,3.08,0.524,0.237,normal,46.19
Odisha,Jajpur,20.77682,86.19034,84893,0,7.2,4.52,2.69,120,10.17,0.818,0.363,normal,39.95
Odisha,Jajpur,20.98622,86.53724,97006,0,1.68,1.11,0.57,120,0.6,0.377,0.853,normal,34.31
Odisha,Jajpur,20.81438,86.42604,83323,0,4.04,2.08,1.96,120,2.36,0.418,0.246,normal,37.05
Odisha,Jajpur,20.83545,86.33596,93633,0,3.01,1.55,1.46,120,12.11,0.403,0.681,normal,35.75
Odisha,Jajpur,20.74371,86.52698,83733,0,2.86,0.93,1.93,120,14.37,0.481,0.791,normal,34.12
Odisha,Jajpur,20.78454,86.44663,97090,0,8.44,7.91,0.54,120,12.93,0.354,0.671,normal,29.27
Odisha,Jajpur,20.61954,86.46191,88116,0,7.51,6.41,1.1,120,4.64,0.466,0.768,normal,28.33
Odisha,Jajpur,20.85892,86.29462,77879,0,8.66,8.04,0.62,120,13.3,0.354,0.643,normal,25.53
Odisha,Jajpur,20.99458,86.39883,108438,0,2.58,1.87,0.71,120,8.19,0.29,0.165,normal,32.44
Odisha,Jajpur,20.56646,86.44949,101505,0,4.87,4.34,0.53,120,0.55,0.773,0.488,normal,36.96
Odisha,Jajpur,20.67572,86.38126,100722,0,3.31,2.71,0.6,120,2.62,0.747,0.268,normal,36.25
Odisha,Jajpur,20.96551,86.42333,76535,0,5.7,3.55,2.14,120,1.2,0.426,0.658,normal,34.26
Odisha,Jajpur,21.02905,86.17156,97626,0,7.22,6.11,1.12,120,8.73,0.525,0.402,normal,31.8
Odisha,Jajpur,20.83824,86.43056,95380,0,1.68,0.8,0.88,120,12.07,0.331,0.852,normal,30.36
Odisha,Jajpur,20.95176,86.31561,80813,0,2.41,0.2,2.21,120,6.77,0.817,0.85,normal,33.86
Odisha,Jajpur,20.85062,86.23688,82396,0,5.73,4.58,1.15,120,15.76,0.635,0.149,normal,31.49
Odisha,Jajpur,20.91348,86.28695,94294,0,7.05,6.48,0.58,120,4.07,0.707,0.236,normal,33.75
Odisha,Jajpur,20.74685,86.52137,98225,0,3.45,2.66,0.79,120,14.23,0.85,0.703,normal,32.8
Odisha,Jajpur,21.04557,86.27238,101527,0,3.88,1.62,2.26,120,11.7,0.485,0.714,normal,38.05
Odisha,Jajpur,20.75549,86.44345,103328,0,4.21,2.9,1.31,120,4.32,0.894,0.586,normal,36.91
Odisha,Jajpur,20.58894,86.56571,85244,0,3.25,2.72,0.54,120,9.52,0.283,0.509,normal,25.89
Odisha,Jajpur,20.75926,86.14085,98040,0,4.93,4.36,0.56,120,1.37,0.533,0.6,normal,35.66
Odisha,Jharsuguda,21.8109,84.20248,88281,0,2.6,0.2,2.4,120,12.04,0.833,0.634,normal,36.13
Odisha,Jharsuguda,21.80474,84.00152,98353,0,2.65,1.11,1.54,120,3.22,0.749,0.832,normal,39.44
Odisha,Jharsuguda,21.71726,83.81058,87680,0,2.87,1.12,1.76,120,7.14,0.606,0.445,normal,33.92
Odisha,Jharsuguda,21.9991,83.88949,85113,0,5.17,3.52,1.65,120,12.98,0.491,0.774,normal,30.41
Odisha,Jharsuguda,21.99993,84.23373,80833,0,2.18,1.33,0.85,120,15.66,0.348,0.18,normal,28.29
Odisha,Jharsuguda,22.0178,84.08305,96382,0,2.3,0.2,2.1,120,10.29,0.406,0.497,normal,36.62
Odisha,Jharsuguda,21.87487,84.08704,78477,0,1.86,0.35,1.51,120,15.07,0.269,0.641,normal,28.65
Odisha,Jharsuguda,21.95946,84.07932,109631,0,3.89,2.04,1.85,120,3.52,0.391,0.34,normal,42.75
Odisha,Jharsuguda,21.87243,84.05862,88880,0,3.97,1.82,2.15,120,11.29,0.267,0.635,normal,35.2
Odisha,Jharsuguda,21.79082,84.20764,94240,0,5.56,3.07,2.49,120,4.44,0.354,0.149,normal,38.95
Odisha,Jharsuguda,21.7624,84.05199,95977,0,2.74,0.2,2.54,120,5.28,0.775,0.746,normal,42.83
Odisha,Jharsuguda,21.75136,83.93361,100910,0,1.92,0.81,1.12,120,4.57,0.427,0.146,normal,35.24
Odisha,Jharsuguda,21.94887,83.81754,96592,0,6.07,3.99,2.08,120,2.34,0.814,0.211,normal,40.13
Odisha,Jharsuguda,21.84838,83.92624,80208,0,8.48,7.17,1.31,120,13.58,0.65,0.777,normal,33.6
Odisha,Jharsuguda,21.94827,84.08621,91129,0,3.95,1.86,2.09,120,14.91,0.888,0.796,normal,37.15
Odisha,Jharsuguda,21.83015,84.05688,76214,0,4.92,2.56,2.36,120,13.77,0.362,0.241,normal,33.76
Odisha,Jharsuguda,21.79519,84.00767,70728,0,5.71,3.39,2.33,120,13.87,0.35,0.652,normal,30.08
Odisha,Jharsuguda,22.05704,83.92009,91334,0,8.69,7.56,1.13,120,7.77,0.318,0.452,normal,30.51
Odisha,Jharsuguda,21.71663,83.93609,85956,0,8.7,6.61,2.09,120,6.12,0.577,0.401,normal,35.38
Odisha,Jharsuguda,21.83027,84.13054,88272,0,7.89,6.33,1.56,120,13.81,0.655,0.574,normal,36.53
Odisha,Jharsuguda,22.09684,84.00565,96397,0,4.91,2.15,2.76,120,3.27,0.244,0.543,normal,38.77
Odisha,Jharsuguda,21.88334,84.11048,93136,0,4.05,3.32,0.72,120,14.3,0.331,0.701,normal,30.76
Odisha,Kalahandi,20.13914,83.27894,71389,0,5.17,3.1,2.07,120,5.07,0.311,0.357,normal,31.73
Odisha,Kalahandi,19.82509,83.30623,85781,0,3.06,0.69,2.37,120,7.03,0.776,0.639,normal,41.57
Odisha,Kalahandi,19.93339,83.19497,82316,0,3.35,0.86,2.49,120,3.68,0.657,0.703,normal,36.48
Odisha,Kalahandi,20.03787,83.03889,100459,0,5.41,2.87,2.54,120,14.38,0.222,0.272,normal,36.69
Odisha,Kalahandi,19.99218,83.10267,80352,0,5.07,2.9,2.17,120,4.58,0.417,0.54,normal,33.72
Odisha,Kalahandi,19.95901,83.28659,81782,0,1.64,0.92,0.72,120,15.8,0.819,0.276,normal,26.57
Odisha,Kalahandi,19.85587,83.27671,90796,0,7.61,5.88,1.73,120,12.31,0.881,0.565,normal,34.22
Odisha,Kalahandi,19.89165,83.06479,82048,0,7.27,5.73,1.54,120,2.1,0.858,0.616,normal,33.8
Odisha,Kalahandi,19.92924,83.11825,96292,0,8.87,6.22,2.65,120,4.69,0.718,0.141,normal,42.13
Odisha,Kalahandi,19.71701,83.05847,86119,0,4.81,3.4,1.41,120,2.22,0.241,0.87,normal,27.75
Odisha,Kalahandi,19.89341,83.18209,91477,0,8.04,7.12,0.92,120,9.48,0.894,0.839,normal,29.41
Odisha,Kalahandi,19.90717,83.09884,107215,0,8.85,7.6,1.24,120,7.43,0.816,0.66,normal,36.57
Odisha,Kalahandi,19.7469,83.17191,95504,0,7.27,6.41,0.87,120,3.25,0.449,0.194,normal,31.71
Odisha,Kalahandi,19.75754,83.26841,96700,0,8.38,6.7,1.69,120,5.8,0.393,0.122,normal,36.42
Odisha,Kalahandi,19.87782,83.07708,113161,0,1.78,0.2,1.58,120,12.57,0.625,0.491,normal,39.41
Odisha,Kalahandi,19.83193,83.10258,100760,0,6.44,5.84,0.6,120,8.48,0.897,0.88,normal,35.89
Odisha,Kalahandi,19.87538,83.08216,93990,0,7.83,5.52,2.3,120,13.74,0.356,0.196,normal,36.65
Odisha,Kalahandi,19.85606,83.11338,96022,0,3.16,1.55,1.61,120,5.52,0.904,0.549,normal,35.14
Odisha,Kalahandi,19.93214,83.20369,82310,0,8.08,6.98,1.1,120,10.57,0.223,0.299,normal,30.89
Odisha,Kalahandi,20.06121,83.15659,87561,0,7.86,6.4,1.46,120,14.36,0.69,0.477,normal,33.67
Odisha,Kalahandi,19.8428,83.0433,82054,0,2.14,0.35,1.79,120,5.85,0.854,0.735,normal,35.44
Odisha,Kalahandi,19.87331,83.08633,85395,0,5.88,3.15,2.73,120,6.82,0.505,0.195,normal,41.51
Odisha,Kandhamal,20.77112,84.37999,81328,0,4.06,2.29,1.78,120,1.84,0.877,0.374,normal,37.26
Odisha,Kandhamal,20.63387,84.45727,83092,0,2.35,0.28,2.07,120,14.98,0.362,0.343,normal,28.67
Odisha,Kandhamal,20.59677,84.25,92100,0,7.31,6.21,1.1,120,13.99,0.57,0.474,normal,31.68
Odisha,Kandhamal,20.4847,84.23325,94823,0,8.89,8.1,0.79,120,7.81,0.556,0.822,normal,30.28
Odisha,Kandhamal,20.47387,84.0604,99254,0,3.03,1.94,1.09,120,13.35,0.905,0.435,normal,36.22
Odisha,Kandhamal,20.53394,84.16504,95025,0,5.61,3.24,2.37,120,15.7,0.478,0.734,normal,37.89
Odisha,Kandhamal,20.59899,84.40303,91960,0,3.88,2.94,0.94,120,11.7,0.271,0.174,normal,28.2
Odisha,Kandhamal,20.54709,84.26065,86199,0,2.99,0.65,2.34,120,14.82,0.908,0.215,normal,36.21
Odisha,Kandhamal,20.56029,84.16935,87876,0,5.91,4.04,1.87,120,6.17,0.667,0.638,normal,35.28
Odisha,Kandhamal,20.71007,84.47919,97763,0,4.08,3.51,0.57,120,14.97,0.67,0.339,normal,34.88
Odisha,Kandhamal,20.52579,84.20319,79736,0,5.12,3.44,1.68,120,4.04,0.226,0.868,normal,29.29
Odisha,Kandhamal,20.47295,84.54728,91459,0,7.37,4.76,2.62,120,2.84,0.33,0.158,normal,35.58
Odisha,Kandhamal,20.35097,84.37111,87507,0,8.25,7.51,0.74,120,2.04,0.842,0.785,normal,33.02
Odisha,Kandhamal,20.57458,84.20377,102329,0,5.17,3.79,1.38,120,2.25,0.504,0.133,normal,39.5
Odisha,Kandhamal,20.50378,84.24596,90834,0,6.26,5.05,1.21,120,6.37,0.716,0.507,normal,31.27
Odisha,Kandhamal,20.41122,83.96429,81627,0,8.81,7.26,1.55,120,4.45,0.34,0.494,normal,31.25
Odisha,Kandhamal,20.56893,84.15341,79353,0,2.91,0.25,2.66,120,11.18,0.649,0.742,normal,37.47
Odisha,Kandhamal,20.66003,84.20883,91825,0,7.62,4.74,2.88,120,11.59,0.248,0.157,normal,40.58
Odisha,Kandhamal,20.4648,84.29194,81883,0,2.91,0.2,2.71,120,7.47,0.7,0.624,normal,38.28
Odisha,Kandhamal,20.58708,84.19363,93183,0,6.36,4.77,1.59,120,9.49,0.26,0.277,normal,37.1
Odisha,Kandhamal,20.34906,84.07138,83690,0,1.53,0.63,0.91,120,10.04,0.861,0.446,normal,35.7
Odisha,Kandhamal,20.4995,84.23449,89696,0,8.61,6.93,1.68,120,14.13,0.917,0.709,normal,36.79
Odisha,Kendrapara,20.26679,86.62341,90478,1,0.88,0.2,0.68,120,12.83,0.747,0.434,normal,39.25
Odisha,Kendrapara,20.524,86.42215,96133,1,4.3,2.82,1.49,120,7.42,0.298,0.407,normal,41.41
Odisha,Kendrapara,20.5282,86.67838,96432,1,6.42,3.25,3.17,120,4.57,0.658,0.814,normal,49.22
Odisha,Kendrapara,20.53355,86.33985,100930,1,1.52,0.2,1.32,120,9.55,0.532,0.334,normal,41.84
Odisha,Kendrapara,20.60601,86.25141,101814,1,2.21,0.2,2.01,120,2.27,0.446,0.713,normal,45.74
Odisha,Kendrapara,20.08769,86.45136,108182,1,6.44,5.47,0.97,120,9.34,0.707,0.575,normal,43.77
Odisha,Kendrapara,20.70557,86.41509,88925,1,3.4,2.06,1.33,120,0.97,0.527,0.496,normal,44.13
Odisha,Kendrapara,20.64163,86.38203,112610,1,0.83,0.2,0.63,120,6.63,0.768,0.768,normal,44.8
Odisha,Kendrapara,20.29757,86.34418,98544,1,3.72,1.91,1.81,120,7.27,0.388,0.17,normal,47.48
Odisha,Kendrapara,20.53483,86.45885,94210,1,4.61,1.39,3.22,120,1.58,0.881,0.779,normal,58.89
Odisha,Kendrapara,20.55153,86.35846,104984,1,5.51,3.66,1.85,120,11.17,0.44,0.774,normal,48.59
Odisha,Kendrapara,20.47888,86.3165,102350,1,1.59,0.39,1.2,120,15.2,0.591,0.877,normal,43.82
Odisha,Kendrapara,20.36874,86.33093,101608,1,5.73,3.81,1.92,120,5.7,0.832,0.794,normal,50.39
Odisha,Kendrapara,20.52407,86.38203,119047,1,8.08,5.97,2.1,120,9.43,0.461,0.206,normal,51.71
Odisha,Kendrapara,20.29601,86.45295,94212,1,3.45,0.2,3.25,120,12.55,0.291,0.562,normal,49.0
Odisha,Kendrapara,20.45654,86.40032,84738,1,5.25,1.93,3.32,120,1.8,0.611,0.831,normal,49.84
Odisha,Kendrapara,20.50809,86.3935,109585,1,1.48,0.2,1.28,120,1.7,0.272,0.498,normal,44.53
Odisha,Kendrapara,20.57598,86.37847,90000,1,6.99,5.09,1.9,120,11.47,0.901,0.83,normal,45.05
Odisha,Kendrapara,20.21309,86.449,99510,1,2.53,0.2,2.33,120,10.8,0.666,0.291,normal,47.9
Odisha,Kendrapara,20.48453,86.3889,108675,1,5.81,2.71,3.1,120,0.33,0.247,0.525,normal,55.92
Odisha,Kendrapara,20.56438,86.48616,92272,1,3.21,1.86,1.36,120,9.95,0.334,0.538,normal,38.74
Odisha,Kendrapara,20.53367,86.15944,105097,1,5.42,2.81,2.61,120,11.98,0.755,0.573,normal,54.31
Odisha,Kendujhar,21.60096,85.79918,97772,0,8.4,7.77,0.63,120,5.18,0.72,0.781,normal,34.2
Odisha,Kendujhar,21.66704,85.72541,95745,0,6.89,5.35,1.55,120,6.45,0.74,0.377,normal,39.41
Odisha,Kendujhar,21.70812,85.43615,80834,0,4.99,3.89,1.09,120,5.77,0.422,0.457,normal,30.57
Odisha,Kendujhar,21.49578,85.44944,98737,0,1.97,0.2,1.77,120,3.74,0.67,0.707,normal,35.39
Odisha,Kendujhar,21.4708,85.5966,77667,0,2.62,0.2,2.42,120,10.95,0.365,0.302,normal,32.38
Odisha,Kendujhar,21.74502,85.80906,105526,0,8.48,5.7,2.78,120,4.84,0.459,0.438,normal,44.54
Odisha,Kendujhar,21.6456,85.55272,97914,0,4.94,2.97,1.97,120,3.16,0.4,0.716,normal,37.17
Odisha,Kendujhar,21.80592,85.54002,96008,0,3.63,1.91,1.71,120,13.76,0.893,0.786,normal,40.21
Odisha,Kendujhar,21.60708,85.29714,88546,0,6.86,4.25,2.61,120,3.38,0.436,0.468,normal,37.65
Odisha,Kendujhar,21.60233,85.31177,84179,0,8.64,5.81,2.83,120,1.49,0.87,0.339,normal,39.99
Odisha,Kendujhar,21.50406,85.54025,97621,0,4.85,1.86,2.99,120,14.6,0.6,0.254,normal,42.44
Odisha,Kendujhar,21.64769,85.69524,100962,0,4.6,3.41,1.19,120,13.88,0.747,0.363,normal,34.79
Odisha,Kendujhar,21.63631,85.60337,109929,0,8.78,6.91,1.88,120,4.94,0.273,0.612,normal,39.98
Odisha,Kendujhar,21.65243,85.4812,79270,0,6.06,4.53,1.52,120,10.41,0.39,0.291,normal,29.04
Odisha,Kendujhar,21.59836,85.7712,85198,0,8.79,8.2,0.6,120,6.8,0.301,0.156,normal,27.84
Odisha,Kendujhar,21.62028,85.45796,91160,0,3.51,2.1,1.4,120,0.44,0.355,0.144,normal,39.49
Odisha,Kendujhar,21.25573,85.50486,90147,0,2.55,0.52,2.03,120,8.09,0.571,0.293,normal,37.78
Odisha,Kendujhar,21.76463,85.37057,89105,0,4.44,3.53,0.91,120,1.32,0.581,0.134,normal,34.66
Odisha,Kendujhar,21.72694,85.5906,90237,0,7.99,6.57,1.42,120,1.03,0.754,0.379,normal,37.26
Odisha,Kendujhar,21.5484,85.71782,83162,0,6.13,3.43,2.7,120,9.84,0.554,0.299,normal,37.35
Odisha,Kendujhar,21.63494,85.71801,111810,0,2.7,1.17,1.53,120,11.68,0.722,0.345,normal,38.41
Odisha,Kendujhar,21.73918,85.78985,96289,0,2.05,0.77,1.28,120,4.72,0.833,0.867,normal,36.78
Odisha,Khordha,20.21144,85.55148,97281,0,4.8,3.71,1.09,120,4.52,0.764,0.54,normal,35.63
Odisha,Khordha,20.02508,85.57439,101190,0,4.6,2.48,2.12,120,15.1,0.8,0.633,normal,38.64
Odisha,Khordha,20.2856,85.63384,97117,0,8.63,7.9,0.73,120,2.37,0.753,0.39,normal,30.5
Odisha,Khordha,19.96813,85.6965,84224,0,8.42,6.97,1.45,120,7.12,0.284,0.285,normal,30.41
Odisha,Khordha,20.10971,85.74167,91328,0,7.25,5.39,1.86,120,3.17,0.86,0.769,normal,37.13
Odisha,Khordha,20.16611,85.4872,71348,0,7.88,6.0,1.89,120,4.52,0.236,0.196,normal,28.58
Odisha,Khordha,20.5753,85.63032,92185,0,3.92,1.55,2.36,120,6.19,0.812,0.148,normal,38.68
Odisha,Khordha,20.03755,85.50678,90657,0,8.55,6.04,2.51,120,8.32,0.502,0.22,normal,36.74
Odisha,Khordha,20.05085,85.47873,114316,0,7.64,5.42,2.22,120,13.52,0.7,0.571,normal,42.16
Odisha,Khordha,20.12438,85.35802,104150,0,2.74,0.36,2.38,120,5.61,0.555,0.43,normal,41.73
Odisha,Khordha,20.11431,85.43306,89894,0,5.42,4.58,0.84,120,1.61,0.259,0.233,normal,26.18
Odisha,Khordha,20.1333,85.54151,91435,0,3.56,1.2,2.37,120,2.29,0.912,0.611,normal,41.77
Odisha,Khordha,20.34169,85.68353,96857,0,7.56,5.77,1.79,120,6.7,0.72,0.643,normal,35.99
Odisha,Khordha,20.31742,85.68451,83272,0,4.07,1.11,2.96,120,2.72,0.693,0.741,normal,39.08
Odisha,Khordha,20.14509,85.71949,91045,0,4.13,2.93,1.2,120,7.68,0.555,0.66,normal,34.31
Odisha,Khordha,20.10036,85.54186,93361,0,4.21,3.18,1.04,120,6.05,0.689,0.248,normal,31.48
Odisha,Khordha,20.03807,85.73259,101061,0,4.29,2.56,1.73,120,15.41,0.491,0.178,normal,38.99
Odisha,Khordha,20.2581,85.64687,94991,0,2.71,0.2,2.51,120,14.3,0.914,0.262,normal,42.2
Odisha,Khordha,20.1916,85.50715,93924,0,2.05,0.2,1.85,120,10.38,0.649,0.661,normal,33.62
Odisha,Khordha,20.33904,85.64078,97704,0,8.31,5.94,2.38,120,11.59,0.701,0.674,normal,40.49
Odisha,Khordha,20.08106,85.51029,91071,0,5.33,2.59,2.74,120,10.58,0.899,0.659,normal,41.52
Odisha,Khordha,20.11048,85.71096,87770,0,1.65,0.2,1.45,120,11.69,0.383,0.229,normal,28.56
Odisha,Koraput,18.72789,82.61913,94359,0,4.57,2.82,1.74,120,6.01,0.601,0.564,normal,41.82
Odisha,Koraput,18.80875,82.84735,95849,0,5.78,2.92,2.86,120,0.91,0.485,0.209,normal,43.8
Odisha,Koraput,18.93201,82.64119,86336,0,7.19,6.65,0.53,120,7.63,0.309,0.819,normal,28.11
Odisha,Koraput,18.78972,82.7577,86788,0,4.1,2.64,1.45,120,15.62,0.395,0.668,normal,33.05
Odisha,Koraput,18.71611,82.63046,78752,0,3.67,0.89,2.78,120,2.19,0.827,0.302,normal,39.64
Odisha,Koraput,18.85882,82.82549,94613,0,7.26,6.49,0.77,120,9.72,0.706,0.822,normal,30.16
Odisha,Koraput,18.84803,82.74187,79445,0,8.5,5.82,2.68,120,11.32,0.55,0.206,normal,35.3
Odisha,Koraput,19.05032,82.85044,89793,0,7.42,4.9,2.51,120,3.29,0.688,0.475,normal,40.16
Odisha,Koraput,18.68817,82.75056,109045,0,3.35,1.92,1.44,120,6.63,0.756,0.481,normal,44.46
Odisha,Koraput,18.85901,82.77885,93919,0,3.37,1.93,1.44,120,4.0,0.795,0.434,normal,37.87
Odisha,Koraput,18.79092,82.4864,92133,0,5.58,3.29,2.29,120,15.58,0.766,0.388,normal,38.77
Odisha,Koraput,18.94566,82.81475,92264,0,8.65,6.18,2.47,120,1.0,0.559,0.856,normal,38.34
Odisha,Koraput,18.78449,82.73817,77243,0,3.1,0.54,2.57,120,2.09,0.613,0.665,normal,37.99
Odisha,Koraput,19.12209,82.8429,82851,0,2.86,2.19,0.67,120,2.96,0.471,0.754,normal,27.44
Odisha,Koraput,18.74805,82.98955,93663,0,6.5,4.51,1.99,120,13.28,0.48,0.543,normal,35.32
Odisha,Koraput,18.71374,82.61324,101395,0,8.06,7.46,0.6,120,4.07,0.777,0.277,normal,38.32
Odisha,Koraput,18.61528,82.63302,96483,0,4.16,3.62,0.54,120,4.17,0.732,0.223,normal,29.42
Odisha,Koraput,18.64465,82.61822,68300,0,8.88,6.39,2.49,120,7.11,0.476,0.782,normal,30.24
Odisha,Koraput,18.82034,82.73442,79839,0,2.94,2.11,0.83,120,0.36,0.757,0.857,normal,35.96
Odisha,Koraput,18.86573,82.64404,98741,0,5.78,4.04,1.75,120,12.48,0.718,0.317,normal,39.35
Odisha,Koraput,18.80507,82.83485,88278,0,7.13,6.22,0.91,120,8.78,0.503,0.693,normal,29.98
Odisha,Koraput,18.81462,82.70033,80987,0,6.96,5.5,1.46,120,14.0,0.845,0.191,normal,35.19
Odisha,Malkangiri,18.29386,81.84047,93461,0,7.7,5.29,2.41,120,6.79,0.563,0.123,normal,37.33
Odisha,Malkangiri,18.55629,81.91204,89512,0,8.2,6.16,2.04,120,6.48,0.635,0.512,normal,32.96
Odisha,Malkangiri,18.40956,81.8205,72727,0,4.33,2.18,2.15,120,13.3,0.824,0.511,normal,33.26
Odisha,Malkangiri,18.56568,81.54846,91628,0,3.63,2.79,0.84,120,2.64,0.419,0.515,normal,28.37
Odisha,Malkangiri,18.23455,81.93204,90240,0,3.43,2.45,0.99,120,13.14,0.836,0.274,normal,32.37
Odisha,Malkangiri,18.20338,81.98391,78027,0,5.45,4.91,0.55,120,1.39,0.58,0.326,normal,28.53
Odisha,Malkangiri,18.49221,81.68513,96476,0,6.57,4.99,1.58,120,8.64,0.228,0.45,normal,36.26
Odisha,Malkangiri,18.37713,81.89123,94202,0,4.67,2.01,2.66,120,12.47,0.687,0.879,normal,39.7
Odisha,Malkangiri,18.64127,82.02942,86426,0,2.73,0.56,2.17,120,13.87,0.899,0.335,normal,36.65
Odisha,Malkangiri,18.29778,82.05424,104454,0,2.91,1.58,1.33,120,11.79,0.381,0.684,normal,33.74
Odisha,Malkangiri,18.3015,82.25564,99592,0,2.97,0.21,2.76,120,11.98,0.289,0.714,normal,41.02
Odisha,Malkangiri,18.31474,81.97513,78260,0,2.24,0.2,2.04,120,3.0,0.809,0.656,normal,35.87
Odisha,Malkangiri,18.55844,82.10512,96953,0,6.3,4.7,1.6,120,9.39,0.894,0.275,normal,37.02
Odisha,Malkangiri,18.54298,81.60907,83622,0,2.72,0.2,2.52,120,11.8,0.301,0.686,normal,30.89
Odisha,Malkangiri,18.15455,81.73394,87877,0,2.51,0.2,2.31,120,1.57,0.793,0.127,normal,35.25
Odisha,Malkangiri,18.34628,81.81315,103351,0,6.31,4.1,2.2,120,1.01,0.42,0.214,normal,40.76
Odisha,Malkangiri,18.35647,81.71148,93175,0,1.77,0.86,0.91,120,13.99,0.561,0.24,normal,30.84
Odisha,Malkangiri,18.30111,81.97308,92961,0,8.72,7.61,1.12,120,5.42,0.504,0.198,normal,35.69
Odisha,Malkangiri,18.50742,81.90457,88991,0,2.81,1.43,1.37,120,7.7,0.539,0.719,normal,30.7
Odisha,Malkangiri,18.36286,81.79986,100723,0,4.07,2.21,1.85,120,0.81,0.802,0.464,normal,38.88
Odisha,Malkangiri,18.46004,81.89323,99899,0,3.54,1.75,1.78,120,11.3,0.818,0.505,normal,39.9
Odisha,Malkangiri,18.45959,81.68984,95639,0,5.71,3.34,2.37,120,7.7,0.599,0.268,normal,37.46
Odisha,Mayurbhanj,21.99539,86.73157,98853,0,8.45,6.78,1.67,120,12.9,0.814,0.853,normal,37.18
Odisha,Mayurbhanj,21.78242,86.80936,76087,0,8.65,6.07,2.57,120,15.0,0.775,0.564,normal,33.65
Odisha,Mayurbhanj,21.9405,86.48527,83738,0,6.22,3.61,2.61,120,1.62,0.719,0.19,normal,44.32
Odisha,Mayurbhanj,21.88486,86.76355,95057,0,6.11,4.61,1.5,120,15.79,0.48,0.433,normal,33.23
Odisha,Mayurbhanj,22.04163,86.72181,92081,0,2.25,0.63,1.62,120,12.42,0.539,0.153,normal,33.39
Odisha,Mayurbhanj,21.86766,86.79424,100562,0,2.25,1.6,0.66,120,3.18,0.38,0.835,normal,29.17
Odisha,Mayurbhanj,22.0619,86.72738,90741,0,7.88,7.3,0.57,120,14.35,0.241,0.314,normal,30.1
Odisha,Mayurbhanj,22.01445,86.66085,86791,0,7.06,4.29,2.77,120,11.98,0.907,0.157,normal,42.82
Odisha,Mayurbhanj,21.94949,86.54564,93438,0,5.44,3.3,2.14,120,0.68,0.848,0.846,normal,38.36
Odisha,Mayurbhanj,21.85128,86.51706,86542,0,7.28,5.53,1.75,120,14.32,0.426,0.596,normal,34.2
Odisha,Mayurbhanj,21.94781,86.69005,98035,0,7.53,4.95,2.58,120,10.53,0.584,0.202,normal,42.81
Odisha,Mayurbhanj,21.96106,86.56998,93420,0,2.85,1.05,1.79,120,2.89,0.702,0.783,normal,35.97
Odisha,Mayurbhanj,22.1474,86.55235,108457,0,8.03,7.45,0.58,120,13.16,0.831,0.242,normal,39.1
Odisha,Mayurbhanj,21.94466,86.86032,99870,0,7.52,6.06,1.46,120,2.17,0.356,0.719,normal,37.01
Odisha,Mayurbhanj,22.13954,86.5152,96423,0,6.04,3.8,2.24,120,8.19,0.519,0.321,normal,39.81
Odisha,Mayurbhanj,22.12886,86.74202,109853,0,1.95,0.2,1.75,120,14.14,0.813,0.21,normal,40.01
Odisha,Mayurbhanj,21.96451,86.81094,100294,0,7.49,6.14,1.35,120,3.83,0.5,0.69,normal,37.78
Odisha,Mayurbhanj,21.7966,86.87934,85325,0,8.29,7.34,0.95,120,2.84,0.306,0.369,normal,29.57
Odisha,Mayurbhanj,21.93356,86.84292,74320,0,3.72,1.08,2.64,120,4.7,0.398,0.233,normal,37.61
Odisha,Mayurbhanj,21.81552,86.79324,94023,0,7.52,5.62,1.91,120,9.33,0.378,0.716,normal,34.28
Odisha,Mayurbhanj,21.92413,86.74127,73491,0,3.57,2.46,1.11,120,10.09,0.727,0.437,normal,28.24
Odisha,Mayurbhanj,21.81624,86.62712,96984,0,8.19,6.15,2.04,120,12.56,0.865,0.39,normal,41.79
Odisha,Nabarangpur,19.28587,82.43613,92550,0,8.31,6.66,1.65,120,3.53,0.608,0.331,normal,37.81
Odisha,Nabarangpur,19.17724,82.58081,83430,0,3.44,0.75,2.69,120,6.22,0.692,0.185,normal,37.85
Odisha,Nabarangpur,19.29654,82.31163,94135,0,8.88,7.97,0.91,120,13.39,0.263,0.37,normal,32.05
Odisha,Nabarangpur,19.06371,82.42209,96434,0,3.18,1.68,1.5,120,3.03,0.316,0.345,normal,36.39
Odisha,Nabarangpur,19.23943,82.85572,91515,0,2.03,0.71,1.32,120,7.84,0.664,0.136,normal,37.21
Odisha,Nabarangpur,19.21797,82.45472,90287,0,8.2,5.32,2.88,120,9.47,0.478,0.753,normal,37.23
Odisha,Nabarangpur,19.0994,82.72558,90407,0,6.28,4.71,1.56,120,5.12,0.297,0.6,normal,31.0
Odisha,Nabarangpur,19.08713,82.64681,79064,0,3.72,2.88,0.85,120,7.83,0.45,0.47,normal,24.68
Odisha,Nabarangpur,18.94914,82.38888,99868,0,5.43,3.82,1.61,120,11.83,0.918,0.21,normal,37.83
Odisha,Nabarangpur,19.29229,82.74806,101681,0,7.77,5.67,2.1,120,10.71,0.697,0.747,normal,42.91
Odisha,Nabarangpur,19.31499,82.48101,90924,0,4.81,2.08,2.73,120,11.03,0.39,0.865,normal,36.97
Odisha,Nabarangpur,19.20443,82.32765,91923,0,6.53,4.7,1.83,120,5.93,0.467,0.606,normal,35.38
Odisha,Nabarangpur,19.59097,82.46267,80598,0,2.0,0.2,1.8,120,9.07,0.496,0.283,normal,31.66
Odisha,Nabarangpur,19.55273,82.60211,84933,0,2.64,1.63,1.01,120,13.23,0.636,0.739,normal,29.78
Odisha,Nabarangpur,19.24947,82.44623,97686,0,6.47,3.79,2.69,120,7.71,0.612,0.724,normal,41.24
Odisha,Nabarangpur,19.37056,82.5468,96876,0,1.8,0.95,0.85,120,7.59,0.434,0.618,normal,31.83
Odisha,Nabarangpur,19.27582,82.61781,87638,0,8.21,6.21,2.0,120,12.39,0.336,0.555,normal,34.42
Odisha,Nabarangpur,19.14423,82.75791,89391,0,2.07,0.2,1.87,120,15.9,0.828,0.64,normal,33.19
Odisha,Nabarangpur,19.1401,82.4978,86999,0,3.63,0.9,2.72,120,15.23,0.888,0.62,normal,40.22
Odisha,Nabarangpur,19.27324,82.51979,105397,0,2.63,0.89,1.75,120,7.16,0.505,0.212,normal,38.54
Odisha,Nabarangpur,19.24225,82.28005,87649,0,6.31,4.58,1.73,120,0.44,0.909,0.152,normal,41.45
Odisha,Nabarangpur,19.1902,82.60099,83020,0,3.27,2.25,1.02,120,8.52,0.316,0.513,normal,27.1
Odisha,Nayagarh,20.16569,85.12697,85551,0,5.68,2.76,2.92,120,8.19,0.738,0.672,normal,41.25
Odisha,Nayagarh,20.21944,84.96087,91365,0,3.18,0.86,2.31,120,14.78,0.459,0.718,normal,35.13
Odisha,Nayagarh,20.07986,84.93538,100428,0,8.66,5.81,2.85,120,14.69,0.327,0.664,normal,40.47
Odisha,Nayagarh,20.22223,85.0153,91960,0,3.56,2.03,1.53,120,2.64,0.256,0.613,normal,36.37
Odisha,Nayagarh,20.08654,85.02001,104023,0,5.82,5.01,0.81,120,8.03,0.837,0.606,normal,33.44
Odisha,Nayagarh,20.11307,85.2085,95892,0,6.97,5.44,1.53,120,14.79,0.24,0.32,normal,32.51
Odisha,Nayagarh,20.3133,85.02964,104020,0,5.26,2.54,2.72,120,4.68,0.295,0.407,normal,37.88
Odisha,Nayagarh,20.03942,85.15466,97759,0,7.65,6.53,1.12,120,5.48,0.481,0.149,normal,36.78
Odisha,Nayagarh,20.29301,84.98406,94302,0,6.87,5.47,1.4,120,8.32,0.649,0.789,normal,32.4
Odisha,Nayagarh,20.06618,85.33795,77052,0,3.54,1.65,1.89,120,6.53,0.68,0.298,normal,33.65
Odisha,Nayagarh,20.15099,84.92884,91776,0,8.3,7.57,0.73,120,8.52,0.349,0.385,normal,23.98
Odisha,Nayagarh,20.20843,84.94583,85378,0,6.45,3.53,2.93,120,15.09,0.464,0.359,normal,39.3
Odisha,Nayagarh,20.21284,85.21869,116771,0,1.96,0.2,1.76,120,15.32,0.261,0.721,normal,35.31
Odisha,Nayagarh,20.14421,85.09062,73275,0,8.68,5.87,2.81,120,12.21,0.502,0.576,normal,35.67
Odisha,Nayagarh,19.91586,85.41324,85592,0,3.79,2.35,1.44,120,1.64,0.69,0.496,normal,30.18
Odisha,Nayagarh,20.14277,85.00039,96139,0,3.33,1.02,2.31,120,2.07,0.721,0.123,normal,43.27
Odisha,Nayagarh,20.11611,85.02411,96027,0,3.8,3.29,0.5,120,12.78,0.36,0.881,normal,29.42
Odisha,Nayagarh,20.12948,85.22278,88858,0,6.64,4.03,2.61,120,15.7,0.425,0.87,normal,36.19
Odisha,Nayagarh,20.14889,85.28986,92255,0,4.98,4.38,0.6,120,6.18,0.372,0.161,normal,26.64
Odisha,Nayagarh,20.02134,85.32677,88768,0,8.56,7.06,1.49,120,1.95,0.311,0.165,normal,38.09
Odisha,Nayagarh,20.03261,85.02863,81318,0,8.33,6.84,1.49,120,4.33,0.444,0.635,normal,30.86
Odisha,Nayagarh,20.19245,85.10881,83840,0,6.32,5.16,1.16,120,3.24,0.734,0.681,normal,31.71
Odisha,Nuapada,20.85577,82.78015,103678,0,3.04,1.56,1.48,120,12.61,0.596,0.254,normal,37.46
Odisha,Nuapada,20.82438,82.6238,94263,0,8.36,7.82,0.54,120,5.21,0.421,0.79,normal,29.45
Odisha,Nuapada,20.73739,82.28024,89420,0,6.13,5.3,0.83,120,0.64,0.741,0.21,normal,34.48
Odisha,Nuapada,20.80592,82.56977,91939,0,2.94,2.07,0.87,120,5.65,0.72,0.506,normal,33.58
Odisha,Nuapada,20.75094,82.75006,97409,0,8.67,7.3,1.37,120,4.93,0.267,0.729,normal,32.71
Odisha,Nuapada,20.80433,82.46655,85070,0,5.57,4.68,0.9,120,8.83,0.437,0.273,normal,29.7
Odisha,Nuapada,20.82805,82.66737,103013,0,1.86,0.21,1.65,120,12.27,0.626,0.395,normal,38.03
Odisha,Nuapada,20.71987,82.74152,103888,0,5.01,2.23,2.78,120,7.78,0.255,0.169,normal,38.79
Odisha,Nuapada,20.81803,82.61373,96211,0,7.71,5.13,2.58,120,14.45,0.275,0.721,normal,33.94
Odisha,Nuapada,20.62797,82.7336,91029,0,6.49,5.92,0.57,120,9.08,0.49,0.589,normal,26.4
Odisha,Nuapada,20.82503,82.66652,102040,0,1.84,0.35,1.48,120,13.5,0.57,0.344,normal,36.38
Odisha,Nuapada,21.07924,82.5639,77460,0,3.9,1.88,2.02,120,11.99,0.851,0.314,normal,39.23
Odisha,Nuapada,20.73131,82.42713,89170,0,2.21,0.2,2.01,120,9.65,0.624,0.64,normal,33.63
Odisha,Nuapada,20.6827,82.5765,91350,0,1.99,0.2,1.79,120,14.2,0.297,0.305,normal,32.07
Odisha,Nuapada,20.81131,82.55859,84146,0,3.46,1.08,2.39,120,15.02,0.377,0.177,normal,36.33
Odisha,Nuapada,20.91113,82.1801,92983,0,1.8,0.2,1.6,120,13.76,0.251,0.779,normal,32.56
Odisha,Nuapada,20.90046,82.60969,99645,0,8.46,7.57,0.89,120,1.44,0.883,0.368,normal,33.42
Odisha,Nuapada,20.70612,82.69838,96912,0,6.48,4.85,1.63,120,0.24,0.672,0.484,normal,44.96
Odisha,Nuapada,20.81132,82.53927,94278,0,7.56,4.66,2.9,120,2.41,0.793,0.33,normal,44.38
Odisha,Nuapada,20.80322,82.45429,98960,0,7.45,6.32,1.13,120,6.47,0.594,0.406,normal,38.63
Odisha,Nuapada,20.84416,82.60911,110344,0,3.48,1.99,1.49,120,4.0,0.904,0.62,normal,39.96
Odisha,Nuapada,20.80854,82.70514,100600,0,2.17,0.88,1.3,120,5.83,0.46,0.341,normal,38.79
Odisha,Puri,19.7177,85.71121,124632,1,5.21,3.92,1.29,120,2.06,0.415,0.319,normal,51.36
Odisha,Puri,19.71129,85.72332,107988,1,1.21,0.2,1.01,120,11.68,0.802,0.507,normal,47.51
Odisha,Puri,19.83712,85.70891,95493,1,2.81,1.25,1.55,120,8.62,0.393,0.217,normal,44.74
Odisha,Puri,19.7937,85.82952,120567,1,7.1,6.21,0.89,120,0.21,0.916,0.395,normal,52.88
Odisha,Puri,19.77658,85.78626,111763,1,3.48,1.68,1.8,120,12.36,0.541,0.526,normal,49.5
Odisha,Puri,19.82019,85.75956,97458,1,5.41,3.2,2.21,120,13.98,0.702,0.259,normal,47.45
Odisha,Puri,19.70883,85.89849,98376,1,6.32,3.35,2.97,120,14.43,0.617,0.603,normal,51.88
Odisha,Puri,19.83846,85.87279,100843,1,4.11,1.91,2.2,120,5.72,0.237,0.361,normal,48.72
Odisha,Puri,19.87371,85.71705,87619,1,6.48,4.18,2.3,120,6.47,0.451,0.321,normal,46.65
Odisha,Puri,19.78673,85.70377,107371,1,6.1,4.4,1.7,120,10.61,0.591,0.429,normal,54.22
Odisha,Puri,19.8208,85.8173,100084,1,7.63,4.82,2.81,120,0.14,0.585,0.576,normal,57.62
Odisha,Puri,19.73314,85.68084,113241,1,6.05,4.18,1.88,120,9.09,0.311,0.434,normal,49.65
Odisha,Puri,19.88349,85.79652,81647,1,1.27,0.2,1.07,120,1.81,0.634,0.354,normal,42.51
Odisha,Puri,19.86455,86.13249,86003,1,1.62,0.2,1.42,120,4.26,0.53,0.29,normal,40.0
Odisha,Puri,19.97655,85.84795,93002,1,6.43,5.23,1.21,120,8.02,0.492,0.403,normal,44.13
Odisha,Puri,19.8524,85.72654,94591,1,3.17,1.71,1.46,120,8.47,0.377,0.136,normal,44.02
Odisha,Puri,19.8627,85.92231,90741,1,5.02,2.08,2.94,120,3.85,0.562,0.389,normal,53.67
Odisha,Puri,19.86129,85.92215,107989,1,0.86,0.2,0.66,120,7.01,0.602,0.517,normal,44.95
Odisha,Puri,19.79182,85.84708,107640,1,4.45,1.81,2.63,120,13.35,0.675,0.52,normal,51.84
Odisha,Puri,19.86806,85.83048,107663,1,3.23,0.22,3.01,120,13.52,0.748,0.166,normal,56.98
Odisha,Puri,19.97258,85.91291,99846,1,1.43,0.2,1.23,120,11.74,0.857,0.742,normal,44.78
Odisha,Puri,19.66309,85.69545,95622,1,2.92,1.21,1.71,120,4.65,0.716,0.294,normal,50.04
Odisha,Rayagada,18.97592,83.19593,88914,0,4.39,2.25,2.14,120,4.79,0.884,0.345,normal,39.79
Odisha,Rayagada,19.05015,83.36592,107083,0,5.2,4.1,1.1,120,0.43,0.864,0.648,normal,41.9
Odisha,Rayagada,19.03882,83.45322,96310,0,3.83,1.92,1.91,120,13.52,0.455,0.487,normal,35.4
Odisha,Rayagada,18.92963,83.5339,92678,0,7.42,5.88,1.55,120,0.41,0.459,0.79,normal,38.39
Odisha,Rayagada,19.26052,83.31927,100981,0,2.39,0.2,2.19,120,11.76,0.728,0.169,normal,40.57
Odisha,Rayagada,19.14691,83.31752,89259,0,8.21,7.69,0.52,120,2.79,0.366,0.827,normal,28.78
Odisha,Rayagada,19.24351,83.32818,85239,0,3.24,2.24,1.0,120,9.12,0.384,0.242,normal,29.33
Odisha,Rayagada,18.98321,83.60788,97558,0,4.02,2.81,1.21,120,9.14,0.237,0.827,normal,30.19
Odisha,Rayagada,19.19063,83.31509,77130,0,5.53,5.0,0.53,120,14.36,0.296,0.386,normal,21.11
Odisha,Rayagada,19.3238,83.49389,93009,0,3.21,1.01,2.2,120,3.45,0.698,0.846,normal,37.86
Odisha,Rayagada,19.08385,83.58746,104621,0,5.04,4.2,0.84,120,8.53,0.838,0.666,normal,35.37
Odisha,Rayagada,19.36033,83.1437,75940,0,6.32,5.66,0.66,120,0.23,0.365,0.724,normal,31.63
Odisha,Rayagada,19.07571,83.32777,82382,0,8.81,7.32,1.49,120,8.03,0.578,0.813,normal,29.02
Odisha,Rayagada,19.15711,83.33392,92214,0,2.54,1.99,0.55,120,4.17,0.83,0.851,normal,32.6
Odisha,Rayagada,19.13969,83.27098,92183,0,7.4,4.76,2.64,120,4.94,0.508,0.683,normal,37.68
Odisha,Rayagada,19.13637,83.52063,83472,0,7.11,4.86,2.25,120,15.5,0.788,0.475,normal,32.27
Odisha,Rayagada,18.85979,83.45581,102631,0,4.07,3.33,0.74,120,9.85,0.679,0.721,normal,30.95
Odisha,Rayagada,19.09126,83.42428,101120,0,5.11,3.66,1.45,120,4.29,0.772,0.723,normal,34.77
Odisha,Rayagada,18.82571,83.24963,96717,0,7.09,5.46,1.62,120,13.93,0.481,0.769,normal,34.75
Odisha,Rayagada,19.19163,83.56782,81274,0,4.04,3.4,0.64,120,1.34,0.356,0.221,normal,28.57
Odisha,Rayagada,19.10334,83.24989,75412,0,6.69,4.77,1.92,120,0.31,0.396,0.41,normal,36.49
Odisha,Rayagada,19.0127,83.51574,97579,0,5.13,4.34,0.79,120,2.38,0.366,0.53,normal,29.15
Odisha,Sambalpur,21.47329,83.97447,83315,0,7.02,5.05,1.97,120,12.0,0.292,0.211,normal,31.03
Odisha,Sambalpur,21.11979,83.93673,91599,0,3.46,2.22,1.24,120,4.37,0.845,0.573,normal,33.11
Odisha,Sambalpur,21.51192,84.08841,93990,0,3.3,1.94,1.36,120,10.0,0.572,0.158,normal,36.92
Odisha,Sambalpur,21.44328,84.06022,92440,0,5.54,4.06,1.48,120,8.06,0.843,0.543,normal,37.87
Odisha,Sambalpur,21.47946,84.13477,97726,0,7.81,5.33,2.48,120,5.83,0.891,0.493,normal,40.55
Odisha,Sambalpur,21.74296,84.15242,82736,0,2.87,1.63,1.24,120,15.35,0.588,0.729,normal,30.84
Odisha,Sambalpur,21.2202,83.89278,94946,0,6.79,5.5,1.29,120,7.91,0.797,0.315,normal,39.03
Odisha,Sambalpur,21.43945,83.88961,86765,0,2.32,0.2,2.12,120,3.3,0.503,0.61,normal,37.83
Odisha,Sambalpur,21.58328,84.2348,87301,0,5.11,4.08,1.03,120,5.44,0.433,0.341,normal,31.04
Odisha,Sambalpur,21.37793,83.87871,85974,0,6.96,5.61,1.34,120,3.66,0.248,0.799,normal,28.37
Odisha,Sambalpur,21.74636,83.86864,87905,0,8.06,7.37,0.69,120,2.98,0.592,0.176,normal,28.46
Odisha,Sambalpur,21.34148,84.07511,105751,0,4.67,1.8,2.87,120,12.74,0.839,0.634,normal,41.43
Odisha,Sambalpur,21.38232,84.05575,84539,0,3.37,2.31,1.06,120,0.48,0.241,0.36,normal,32.33
Odisha,Sambalpur,21.33758,84.10167,89688,0,4.24,3.74,0.51,120,10.78,0.243,0.842,normal,26.73
Odisha,Sambalpur,21.26041,83.82543,93600,0,4.3,2.22,2.08,120,2.85,0.861,0.318,normal,40.56
Odisha,Sambalpur,21.48361,84.08923,103670,0,6.47,4.71,1.76,120,13.97,0.853,0.568,normal,42.3
Odisha,Sambalpur,21.52918,84.20223,102070,0,6.02,5.42,0.6,120,1.23,0.736,0.435,normal,37.56
Odisha,Sambalpur,21.62236,84.0259,91690,0,4.44,2.46,1.99,120,3.48,0.374,0.429,normal,36.48
Odisha,Sambalpur,21.63404,83.76315,103262,0,2.96,2.17,0.79,120,3.48,0.663,0.84,normal,32.51
Odisha,Sambalpur,21.46425,84.02503,88541,0,4.13,2.93,1.2,120,14.6,0.464,0.264,normal,32.07
Odisha,Sambalpur,21.52955,84.07782,89005,0,5.48,3.56,1.92,120,9.52,0.388,0.529,normal,36.86
Odisha,Sambalpur,21.52835,83.93133,96476,0,1.64,0.66,0.98,120,9.54,0.35,0.126,normal,30.96
Odisha,Subarnapur,20.76065,83.84202,90990,0,3.76,3.11,0.65,120,10.22,0.809,0.839,normal,32.52
Odisha,Subarnapur,21.0215,83.95045,91067,0,6.75,5.91,0.84,120,0.21,0.45,0.198,normal,36.55
Odisha,Subarnapur,20.75977,84.25196,95310,0,2.39,1.34,1.04,120,10.15,0.9,0.521,normal,34.77
Odisha,Subarnapur,20.87395,84.12287,95375,0,4.23,1.48,2.75,120,4.66,0.268,0.82,normal,38.95
Odisha,Subarnapur,20.96523,83.83392,92170,0,5.34,2.55,2.79,120,8.54,0.462,0.341,normal,38.2
Odisha,Subarnapur,20.8585,83.80106,91494,0,3.79,2.12,1.67,120,14.92,0.682,0.161,normal,35.83
Odisha,Subarnapur,20.6524,83.88395,90606,0,7.65,6.52,1.13,120,0.24,0.367,0.28,normal,34.68
Odisha,Subarnapur,20.81406,84.10246,94630,0,8.69,6.16,2.53,120,6.32,0.432,0.559,normal,36.87
Odisha,Subarnapur,20.73728,83.72819,86230,0,8.5,7.42,1.08,120,8.16,0.65,0.203,normal,30.51
Odisha,Subarnapur,20.78713,84.10276,77746,0,5.46,4.52,0.95,120,10.78,0.241,0.711,normal,23.11
Odisha,Subarnapur,20.82344,83.88947,80803,0,3.21,0.82,2.39,120,11.53,0.548,0.546,normal,36.05
Odisha,Subarnapur,20.84987,84.02188,84404,0,6.93,6.23,0.7,120,12.81,0.357,0.671,normal,27.85
Odisha,Subarnapur,20.67744,83.84741,84489,0,6.29,3.93,2.36,120,15.28,0.732,0.868,normal,35.96
Odisha,Subarnapur,20.88914,83.84617,73249,0,3.55,2.83,0.71,120,2.68,0.57,0.122,normal,28.69
Odisha,Subarnapur,20.93502,83.90678,99251,0,6.84,5.68,1.16,120,10.63,0.769,0.158,normal,37.27
Odisha,Subarnapur,20.97657,83.90854,85921,0,2.96,1.78,1.18,120,6.78,0.414,0.369,normal,30.24
Odisha,Subarnapur,20.79994,83.72064,89094,0,2.67,0.2,2.47,120,1.94,0.308,0.494,normal,36.77
Odisha,Subarnapur,20.92966,83.89631,80131,0,4.02,3.0,1.02,120,10.71,0.789,0.558,normal,31.19
Odisha,Subarnapur,20.65519,83.93461,78706,0,3.72,1.29,2.43,120,7.92,0.309,0.197,normal,37.15
Odisha,Subarnapur,20.92013,84.02792,88028,0,7.35,6.54,0.81,120,9.33,0.862,0.553,normal,33.14
Odisha,Subarnapur,20.92897,83.93426,87150,0,2.39,1.19,1.2,120,10.14,0.82,0.235,normal,31.83
Odisha,Subarnapur,20.95991,83.94108,78665,0,6.56,5.64,0.91,120,6.96,0.324,0.142,normal,26.11
Odisha,Sundargarh,22.31244,84.06938,97626,0,7.59,6.42,1.18,120,14.38,0.789,0.51,normal,36.74
Odisha,Sundargarh,22.20509,83.94166,88722,0,6.22,5.02,1.2,120,8.49,0.703,0.313,normal,32.56
Odisha,Sundargarh,22.30328,83.97443,79421,0,7.19,5.15,2.04,120,8.53,0.373,0.276,normal,28.41
Odisha,Sundargarh,22.04924,84.19084,105046,0,4.74,1.81,2.94,120,6.85,0.693,0.505,normal,41.18
Odisha,Sundargarh,22.07812,84.04856,72641,0,5.6,3.96,1.64,120,3.94,0.764,0.307,normal,34.34
Odisha,Sundargarh,22.06226,84.00111,89369,0,8.1,7.39,0.71,120,5.73,0.863,0.222,normal,33.47
Odisha,Sundargarh,22.21787,84.0024,78561,0,3.59,2.8,0.79,120,1.77,0.232,0.149,normal,28.84
Odisha,Sundargarh,21.97675,83.96888,89708,0,5.38,4.19,1.19,120,0.67,0.71,0.804,normal,36.84
Odisha,Sundargarh,22.18303,84.02681,99499,0,5.89,5.34,0.55,120,7.47,0.775,0.888,normal,32.3
Odisha,Sundargarh,22.28371,84.03908,104481,0,4.8,3.97,0.82,120,1.2,0.573,0.163,normal,37.25
Odisha,Sundargarh,22.01475,83.88952,82047,0,7.48,6.68,0.81,120,6.02,0.52,0.66,normal,26.48
Odisha,Sundargarh,22.07092,84.08111,91740,0,2.9,0.2,2.7,120,10.75,0.429,0.528,normal,35.95
Odisha,Sundargarh,22.08465,83.82165,109084,0,8.06,7.14,0.91,120,14.48,0.382,0.136,normal,35.8
Odisha,Sundargarh,22.06222,84.02184,94058,0,7.49,6.48,1.01,120,3.66,0.339,0.219,normal,29.71
Odisha,Sundargarh,22.19762,84.0255,88188,0,6.11,5.12,0.99,120,8.06,0.687,0.623,normal,33.65
Odisha,Sundargarh,22.08409,84.16752,94482,0,8.3,7.19,1.11,120,15.84,0.888,0.326,normal,33.64
Odisha,Sundargarh,22.2557,84.31058,95163,0,6.95,6.0,0.96,120,6.48,0.647,0.85,normal,33.05
Odisha,Sundargarh,22.1305,83.99446,86648,0,4.96,3.97,1.0,120,5.32,0.246,0.431,normal,29.27
Odisha,Sundargarh,22.17569,84.04182,85368,0,2.6,2.01,0.59,120,5.3,0.577,0.272,normal,32.43
Odisha,Sundargarh,22.17554,84.06612,78509,0,5.4,4.66,0.75,120,11.31,0.748,0.148,normal,25.98
Odisha,Sundargarh,22.21305,84.0744,84830,0,7.29,5.81,1.48,120,8.38,0.748,0.668,normal,34.37
Odisha,Sundargarh,22.24211,84.02238,103295,0,3.01,0.72,2.29,120,8.65,0.674,0.18,normal,41.28
