@id	@lat	@lon	name	waterway	man_made	substance
168246353	19.7554027	85.6613555		drain		
169844929	20.6033244	86.0691379		drain		
169844977	20.5988295	86.0381168		drain		
169844978	20.6510688	86.0810359		drain		
230746965	20.3237964	83.2817960		drain		
231124349	18.7250716	82.8091433		drain		
236816402	20.2439665	85.8367146		drain		
236816404	20.2436383	85.8369308		drain		
236816407	20.2324251	85.8435550		drain		
322720289	20.4802321	86.2851389		ditch		
322725102	20.4493958	86.3925525		ditch		
322969701	20.4773773	85.8705160		drain		
322969702	20.4799048	85.8677297		drain		
322969703	20.4790959	85.8694724		drain		
322969704	20.4758907	85.8712345		drain		
322969705	20.4725060	85.8742104		drain		
322969706	20.4618926	85.8873701		drain		
322969707	20.4678856	85.8770343		drain		
322970840	20.4821955	85.8547748		drain		
322970841	20.4729225	85.8681006		drain		
322970842	20.4719092	85.8632734		drain		
322970843	20.4816093	85.8574077		drain		
322970844	20.4775647	85.8614234		drain		
322970845	20.4831912	85.8551166		drain		
322971481	20.4578021	85.9117883		ditch		
322971482	20.4501630	85.9318319		ditch		
322974533	20.4462441	85.9234004		drain		
322974534	20.4493257	85.8937521		drain		
326108904	19.7823264	85.1835261		ditch		
326347839	19.7746597	85.1313130		ditch		
326349025	19.7914322	85.1722685		ditch		
326349027	19.7929714	85.1686389		ditch		
326349028	19.7526852	85.1817834		ditch		
326349030	19.7631096	85.1871202		ditch		
326349031	19.8173757	85.1387319		ditch		
326356997	19.7668008	85.1468998		ditch		
326356998	19.7977871	85.1338573		ditch		
326356999	19.7261908	85.1730050		ditch		
326357000	19.7852119	85.1225877		ditch		
326357001	19.7406216	85.1632322		ditch		
326357002	19.7492855	85.1581983		ditch		
326357003	19.7582570	85.1487322		ditch		
343220672	19.3195020	84.7803918		ditch		
343220678	19.3190633	84.7810548		ditch		
343220679	19.3191040	84.7809262		ditch		
343220680	19.3182915	84.7843065		ditch		
343220682	19.3206207	84.7788501		ditch		
343683709	19.3164187	84.8293788		ditch		
344958188	19.3124846	84.8052953		drain		
344958194	19.3165780	84.8056816		drain		
344960400	19.3156975	84.8073716		drain		
344960403	19.3157050	84.8078077		drain		
344960405	19.3163823	84.8062785		drain		
344960407	19.3158456	84.8074280		drain		
344960408	19.3136521	84.8065568		drain		
344960411	19.3146833	84.8069671		drain		
344960412	19.3161915	84.8067827		drain		
344960415	19.3165720	84.8057651		drain		
344960423	19.3159613	84.8072916		drain		
344960425	19.3126844	84.8070321		drain		
373814732	19.5024084	84.1783026		ditch		
373814733	19.5110112	84.1883747		ditch		
373814734	19.5208135	84.1992820		ditch		
373850548	19.6646278	84.3505163		ditch		
373850549	19.6649257	84.3392964		ditch		
373850550	19.6736783	84.3576357		ditch		
373850551	19.6878044	84.3618065		ditch		
373850552	19.6614305	84.3676035		ditch		
373850553	19.6576054	84.3818169		ditch		
373850554	19.6840839	84.3579062		ditch		
373850555	19.6657353	84.3471378		ditch		
373850556	19.6916952	84.3673495		ditch		
373850557	19.6908784	84.3669021		ditch		
373850559	19.6492460	84.3942524		ditch		
373852218	19.6408275	84.4063789		ditch		
373852219	19.6350330	84.4243429		ditch		
374233999	19.1648837	84.3964361		ditch		
412513012	18.1140325	81.8330085		drain		
415135436	18.2560657	81.9085640		drain		
415138179	18.2744823	81.8226260		drain		
415138180	18.2370210	81.8098882		drain		
416728425	18.1150830	81.7459175		drain		
417100565	18.1651356	81.5778361		drain		
417100568	18.1007750	81.6460364		drain		
417100572	18.1294777	81.5625378		drain		
417100575	18.0713932	81.6249448		drain		
417100577	18.1154082	81.6598427		drain		
417100578	18.1034696	81.6642174		drain		
417100581	18.1177918	81.6617211		drain		
417100583	18.1617042	81.5499921		drain		
417100587	18.1008143	81.6356214		drain		
417100590	18.1317134	81.5531997		drain		
417670693	18.3282055	81.8326507		drain		
417672046	18.3438779	81.8436693		drain		
418038167	18.1479162	81.7064616		drain		
418038169	18.1560860	81.5932598		drain		
418040329	18.1595128	81.5845263		drain		
418040330	18.1616383	81.5769181		drain		
418040331	18.1673611	81.5608946		drain		
418060215	18.1314871	81.6854243		drain		
418301530	18.3093759	81.8412558		drain		
418301531	18.3133196	81.8333276		drain		
426777448	19.0139263	82.4316096		ditch		
435572973	22.1786686	83.7643013		ditch		
435572974	22.1807698	83.7653406		ditch		
435572975	22.1552491	83.7617008		ditch		
435572976	22.1760867	83.7625269		ditch		
435572977	22.1643412	83.7798701		ditch		
435572978	22.1816193	83.7649745		ditch		
463133602	19.0390204	82.3190766		ditch		
463133603	19.0384958	82.3188942		ditch		
463133604	19.0414434	82.3199365		ditch		
464534476	18.9913740	82.4554739		ditch		
464534477	18.9913551	82.4555738		ditch		
464534478	18.9785760	82.4693238		ditch		
464534505	19.0154541	82.4222853		ditch		
464549529	18.9819612	82.4691329		ditch		
464621333	18.9832169	82.5033941		ditch		
464621346	18.9531155	82.5013940		ditch		
464621347	18.9536025	82.5016226		ditch		
464621348	18.9533387	82.5015124		ditch		
487510088	19.6890507	82.2014540		ditch		
487510090	19.6789186	82.2193892		ditch		
489502086	20.4595760	85.8777208		drain		
491053101	20.2656262	85.7958560		drain		
491078249	20.2835072	85.8199933		drain		
506656543	20.3274103	85.8232830		drain		
544721591	20.4630113	85.9044461		ditch		
548503346	20.9436482	83.7744245	Bargarh canal	ditch		
549275550	21.4105366	84.6126357		ditch		
549275551	21.4113357	84.6121287		ditch		
549275557	21.4471846	84.5691933		ditch		
549275558	21.4487861	84.5682652		ditch		
549275559	21.4372980	84.5876120		ditch		
549275560	21.4458714	84.5703493		ditch		
549275569	21.4200363	84.6133437		ditch		
549275570	21.4286582	84.6050812		ditch		
549275571	21.4579787	84.5636867		ditch		
618587280	20.1515994	85.5196887		drain		
618587286	20.1482138	85.5168178		drain		
636960089	19.7596805	85.1930308		ditch		
636960090	19.7591474	85.1942183		ditch		
636960134	20.2687216	85.7927878		drain		
636960135	20.2735383	85.7908594		drain		
636960141	20.5981005	86.0531704		drain		
636960143	20.5933493	86.0398572		drain		
642066534	21.7116259	84.8170330		drain		
644794424	21.3716609	84.7040434		drain		
680073410	20.4889645	86.2879870		ditch		
680073411	20.5013691	86.3055230		ditch		
683477090	19.3603320	84.9855800		drain		
683477121	19.3557996	84.9742997		drain		
683641521	19.3640017	84.9861035		drain		
683641547	19.3619778	84.9920048		drain		
683641548	19.3625624	84.9923548		drain		
683641550	19.3636733	84.9927369		drain		
683645476	19.3522212	84.9767874		drain		
683645483	19.3517815	84.9801162		drain		
683846229	19.3607192	84.9936683		drain		
683846230	19.3607350	84.9922855		drain		
683846231	19.3611391	84.9923859		drain		
684991466	19.3590582	84.9710237		drain		
685173077	19.4079141	84.9737709		ditch		
699055843	20.0541520	85.6109136		ditch		
699076514	20.0614919	85.6174730		ditch		
711304110	19.4132160	85.0015615	Irrigation	drain		
711304115	19.4168404	84.9999505		drain		
711304116	19.4191618	84.9984114		drain		
711304119	19.4167900	85.0050349		drain		
711304122	19.4205048	84.9988395		drain		
721017312	19.4145356	84.9607580		drain		
721120034	19.4003837	84.8753958		drain		
734184199	19.5205593	84.7386201		ditch		
746487529	20.2171044	85.8186735		drain		
772866908	21.0791018	84.3511572		ditch		
772874202	21.0761688	84.3487009		ditch		
772874203	21.0736289	84.3470549		ditch		
772874204	21.0722351	84.3461699		ditch		
772874205	21.0713647	84.3453993		ditch		
772874206	21.0319808	84.3516429		ditch		
793288778	19.2326106	84.4735277		ditch		
793313736	19.3742740	84.4449513		ditch		
793313737	19.3732539	84.4432498		ditch		
793313738	19.3784747	84.4553442		ditch		
793313739	19.3798764	84.4621786		ditch		
793313740	19.3814978	84.4690555		ditch		
793313741	19.3831310	84.4720797		ditch		
793313742	19.3764627	84.4501439		ditch		
793394067	19.3722787	84.4415554		ditch		
793394068	19.3722555	84.4414900		ditch		
835420550	20.3381258	86.6096314		drain		
835420571	20.5673348	86.5919183		drain		
837929305	20.8999646	82.7594503		ditch		
847781868	20.8077239	82.4729704		ditch		
847781869	20.8043475	82.4721671		ditch		
847781870	20.8111230	82.4733252		ditch		
847781871	20.8122240	82.4729919		ditch		
847781872	20.8000931	82.4687768		ditch		
853992462	20.2136553	82.5717562		ditch		
853992463	20.2129455	82.5736740		ditch		
853992464	20.2196230	82.5565266		ditch		
853992465	20.2404018	82.5452027		ditch		
853992466	20.2201285	82.5473723		ditch		
853992467	20.2393977	82.5532718		ditch		
853992468	20.2427442	82.5455156		ditch		
853992469	20.2190202	82.5710884		ditch		
853992470	20.2190769	82.5707719		ditch		
853992471	20.2233882	82.5688192		ditch		
853992472	20.2307537	82.5692470		ditch		
853992473	20.2340247	82.5656757		ditch		
853992489	20.2564670	82.5720246		ditch		
853992492	20.2582601	82.5679924		ditch		
853992493	20.2481654	82.5614761		ditch		
853992494	20.2474551	82.5611930		ditch		
853992495	20.2467354	82.5609449		ditch		
853992497	20.2465667	82.5448617		ditch		
853992498	20.2455451	82.5528665		ditch		
853992499	20.2475297	82.5436569		ditch		
853992500	20.2481297	82.5431119		ditch		
853992501	20.2468502	82.5445054		ditch		
854322487	20.2517556	82.9896686		ditch		
854322488	20.2519218	82.9916534		ditch		
854322489	20.2562083	82.9775182		ditch		
856493826	20.3116117	82.6766521		ditch		
856493827	20.3129589	82.6705618		ditch		
856493828	20.3168563	82.6736882		ditch		
856493831	20.3304083	82.6717490		ditch		
856493832	20.3239654	82.6550643		ditch		
856493833	20.3179982	82.6596428		ditch		
856493834	20.3183282	82.6562833		ditch		
856493836	20.3131403	82.6530523		ditch		
856493837	20.3035358	82.6399313		ditch		
856493838	20.3044288	82.6407279		ditch		
856493839	20.3071568	82.6435067		ditch		
856493840	20.3049563	82.6586479		ditch		
856493841	20.2970228	82.6713842		ditch		
856493842	20.2949574	82.6765132		ditch		
856493843	20.2955430	82.6790157		ditch		
856493844	20.2952342	82.6719930		ditch		
856493845	20.2714691	82.6680703		ditch		
856515974	20.3295557	82.6679429		ditch		
860481123	20.3674239	82.6618074		ditch		
860481124	20.3424664	82.6806244		ditch		
860481125	20.3612039	82.6686336		ditch		
860481127	20.3402636	82.6938385		ditch		
860481128	20.3369563	82.7004250		ditch		
860481129	20.3177931	82.6931222		ditch		
860481130	20.3235872	82.6950815		ditch		
860481133	20.3163342	82.7039691		ditch		
860481135	20.3130084	82.7158086		ditch		
860481136	20.3031899	82.7213249		ditch		
860481137	20.3024899	82.7211352		ditch		
860481138	20.3159181	82.7227109		ditch		
860481139	20.3032478	82.7151184		ditch		
860481140	20.3037691	82.7117414		ditch		
860481141	20.3042650	82.7111051		ditch		
860481142	20.3056306	82.7133011		ditch		
860481143	20.2980114	82.7119171		ditch		
860481144	20.2973264	82.7100490		ditch		
860481145	20.2983045	82.7026614		ditch		
860481146	20.2956156	82.6932677		ditch		
860481147	20.3020390	82.7000356		ditch		
860481148	20.3027522	82.7027942		ditch		
860481149	20.3008063	82.6954530		ditch		
862828142	20.3131147	82.7349204		ditch		
862828143	20.3090208	82.7349110		ditch		
862828146	20.2875347	82.7404993		ditch		
862828147	20.2873372	82.7345087		ditch		
862828148	20.2901210	82.7484883		ditch		
862828149	20.2805781	82.7538669		ditch		
862828150	20.2759402	82.7469675		ditch		
862828151	20.2765591	82.7547339		ditch		
862828152	20.2700715	82.7446226		ditch		
862828153	20.2707387	82.7560204		ditch		
862828154	20.2623819	82.7526022		ditch		
862853171	20.2871309	82.7302212		ditch		
862853172	20.2858592	82.7273136		ditch		
863077136	20.2704551	82.7377408		ditch		
863077137	20.2711194	82.7393132		ditch		
863096668	20.2691807	82.7621253		ditch		
863096669	20.2692065	82.7619061		ditch		
863096670	20.2692292	82.7614521		ditch		
863096671	20.2692764	82.7610437		ditch		
863096920	20.2599011	82.7655029		ditch		
863096921	20.2601728	82.7665678		ditch		
863096922	20.2597413	82.7610853		ditch		
863096923	20.2600030	82.7569037		ditch		
863096924	20.2598671	82.7556257		ditch		
863099179	20.2561807	82.7560334		ditch		
863099180	20.2501891	82.7590449		ditch		
863101011	20.3498993	82.6981795		ditch		
863101012	20.3484954	82.6974325		ditch		
863101013	20.3473386	82.6953605		ditch		
863101014	20.3453286	82.6933850		ditch		
863101015	20.3535892	82.6970503		ditch		
863101016	20.3332258	82.7420551		ditch		
863101017	20.3296363	82.7470601		ditch		
863101018	20.3206884	82.7423702		ditch		
863101019	20.3210791	82.7432884		ditch		
863101020	20.3174449	82.7342847		ditch		
863101021	20.3177744	82.7346642		ditch		
863101022	20.3192371	82.7385172		ditch		
863127827	20.3111350	82.7802721		ditch		
863127828	20.3077769	82.8034978		ditch		
863127829	20.3079455	82.8019984		ditch		
863127832	20.3040711	82.7961512		ditch		
863127835	20.2973184	82.8264655		ditch		
863127837	20.2739148	82.8296023		ditch		
864293420	20.1939955	82.7848939		ditch		
864293421	20.1939993	82.7848222		ditch		
864293422	20.1940107	82.7846758		ditch		
864293423	20.1940250	82.7845449		ditch		
864293424	20.1926975	82.7830598		ditch		
864293430	20.1788959	82.7912897		ditch		
864293431	20.1783728	82.7904454		ditch		
864293434	20.1834986	82.7948839		ditch		
864293435	20.1846604	82.7962531		ditch		
864293436	20.1858260	82.7976257		ditch		
864293437	20.1867014	82.7989400		ditch		
864293438	20.1880866	82.8003495		ditch		
864293439	20.1876108	82.8002134		ditch		
864293440	20.1812089	82.7931083		ditch		
864293441	20.1778479	82.7895912		ditch		
864293442	20.1767212	82.7853915		ditch		
864293443	20.1761007	82.7842797		ditch		
864293444	20.1810981	82.7806514		ditch		
864293447	20.1756979	82.7831264		ditch		
864293448	20.1759358	82.7824786		ditch		
864293449	20.1760359	82.7818771		ditch		
864293450	20.1756492	82.7814113		ditch		
864293451	20.1785043	82.7812274		ditch		
864293452	20.1752343	82.7809115		ditch		
864293453	20.1772732	82.7874689		ditch		
864304839	20.2244296	82.7672564		ditch		
864304840	20.2244642	82.7665745		ditch		
864304841	20.2243139	82.7658208		ditch		
864304842	20.2240962	82.7654345		ditch		
864304843	20.2229667	82.7685620		ditch		
864304844	20.2209884	82.7698856		ditch		
864304845	20.2193663	82.7710082		ditch		
864304846	20.2181235	82.7716519		ditch		
864304847	20.2168475	82.7722701		ditch		
864304848	20.2162290	82.7721253		ditch		
864304849	20.2144557	82.7710886		ditch		
864304850	20.2137963	82.7720851		ditch		
864304851	20.2138830	82.7723989		ditch		
864304852	20.2139523	82.7726846		ditch		
864304853	20.2140115	82.7729870		ditch		
864304854	20.2134942	82.7739499		ditch		
864304855	20.2127530	82.7752192		ditch		
864304856	20.2122545	82.7758066		ditch		
864304857	20.2119286	82.7760480		ditch		
864304858	20.2112037	82.7763029		ditch		
864304859	20.2103649	82.7766542		ditch		
864304860	20.2100534	82.7770438		ditch		
864304861	20.2098822	82.7773690		ditch		
864304862	20.2089264	82.7782333		ditch		
864304863	20.2087735	82.7804268		ditch		
864304864	20.2104801	82.7825471		ditch		
864304866	20.2106651	82.7833450		ditch		
864304867	20.2105550	82.7840336		ditch		
864304872	20.2104077	82.7849336		ditch		
864304873	20.2103573	82.7854093		ditch		
864304874	20.2115938	82.7858746		ditch		
864304875	20.2103655	82.7852654		ditch		
864304876	20.2128794	82.7861881		ditch		
864304877	20.2132261	82.7860319		ditch		
864304878	20.2141436	82.7860372		ditch		
864304879	20.2149352	82.7862317		ditch		
864304880	20.2152095	82.7863021		ditch		
864304881	20.2158023	82.7862981		ditch		
864304882	20.2165518	82.7860486		ditch		
864304883	20.2168688	82.7854854		ditch		
864304884	20.2169437	82.7849798		ditch		
864304885	20.2171589	82.7842167		ditch		
864304886	20.2175767	82.7832377		ditch		
864304887	20.2181317	82.7828649		ditch		
864304888	20.2184917	82.7827093		ditch		
864304889	20.2187440	82.7817692		ditch		
864304890	20.2191064	82.7807586		ditch		
864304891	20.2201415	82.7798186		ditch		
864304892	20.2212112	82.7789314		ditch		
864304893	20.2218089	82.7783641		ditch		
864304894	20.2223715	82.7777767		ditch		
864304895	20.2228510	82.7774991		ditch		
864304896	20.2238854	82.7678264		ditch		
865272980	20.2148641	82.5661651		ditch		
865272981	20.2142286	82.5689668		ditch		
865273000	20.2336765	82.5560138		ditch		
865273001	20.2336161	82.5562056		ditch		
865745677	20.2788247	82.6811595		ditch		
865745678	20.2814085	82.6817644		ditch		
865745679	20.2839987	82.6822029		ditch		
865745680	20.2850554	82.6814197		ditch		
865745681	20.2859711	82.6799176		ditch		
865745682	20.2861221	82.6805949		ditch		
865745683	20.2850164	82.6788219		ditch		
865745684	20.2856529	82.6792176		ditch		
865745693	20.2748620	82.6817054		ditch		
865745694	20.2708578	82.6833214		ditch		
865745699	20.2646107	82.7195031		ditch		
865745702	20.2678333	82.7181317		ditch		
865745703	20.2676239	82.7177971		ditch		
865745704	20.2673842	82.7174190		ditch		
865745705	20.2672270	82.7171829		ditch		
865745706	20.2670924	82.7169764		ditch		
865745707	20.2655411	82.7168128		ditch		
865745708	20.2688454	82.7218098		ditch		
865745709	20.2783983	82.7023570		ditch		
865745710	20.2783316	82.7023262		ditch		
865745711	20.2807648	82.7074858		ditch		
865745712	20.2807453	82.7075229		ditch		
865745713	20.2798387	82.7058238		ditch		
865745714	20.2812344	82.7068403		ditch		
865745715	20.2809878	82.7071579		ditch		
865745716	20.2817319	82.7059043		ditch		
865745717	20.2817654	82.7058057		ditch		
865745718	20.2814970	82.7063837		ditch		
865745721	20.2798832	82.6922302		ditch		
865745722	20.2816835	82.7000134		ditch		
865745723	20.2778432	82.6894670		ditch		
865745724	20.2775177	82.6892665		ditch		
865745725	20.2790285	82.6909529		ditch		
865745726	20.2781709	82.6896880		ditch		
865745727	20.2760559	82.6890170		ditch		
865745728	20.2749608	82.6894267		ditch		
865745731	20.2728021	82.6890351		ditch		
865745732	20.2732965	82.6894288		ditch		
865745733	20.2738337	82.6897775		ditch		
865745734	20.2722837	82.6886677		ditch		
865745735	20.2767994	82.6890188		ditch		
865745736	20.2717573	82.6883378		ditch		
865745737	20.2711135	82.6873803		ditch		
865745738	20.2704285	82.6864291		ditch		
866084831	20.8267012	82.6902295		ditch		
866084834	20.8310894	82.6924932		ditch		
866084836	20.8426708	82.7092664		ditch		
866084837	20.8426959	82.7087541		ditch		
866084838	20.8433138	82.7054161		ditch		
866084839	20.8429441	82.7071609		ditch		
866084842	20.8363599	82.6879307		ditch		
866084847	20.8113903	82.6807326		ditch		
866084848	20.8046446	82.6942433		ditch		
866084849	20.8032907	82.7035626		ditch		
866084850	20.8034260	82.7039865		ditch		
866084851	20.8000097	82.6966573		ditch		
867132668	20.8914218	82.5255726		ditch		
867132669	20.8956629	82.5253835		ditch		
867132670	20.8933663	82.5352607		ditch		
867132671	20.8994121	82.5324959		ditch		
867132672	20.8995130	82.5385692		ditch		
867132673	20.9182653	82.5298835		ditch		
867132676	20.9161349	82.5295356		ditch		
867132677	20.9206474	82.5341933		ditch		
867132678	20.9190715	82.5349268		ditch		
867132679	20.9145116	82.5352380		ditch		
867132680	20.9137775	82.5393900		ditch		
867132681	20.8736184	82.5390312		ditch		
867132682	20.8737042	82.5390943		ditch		
867132683	20.8751791	82.5356825		ditch		
867132684	20.8742355	82.5372966		ditch		
867132685	20.8786080	82.5365851		ditch		
867132686	20.8779337	82.5316613		ditch		
867132687	20.8864055	82.5303597		ditch		
867132688	20.8865258	82.5292433		ditch		
867132689	20.8854827	82.5396401		ditch		
867132690	20.8855930	82.5394893		ditch		
867132691	20.8858504	82.5349630		ditch		
867132694	20.8816786	82.5252521		ditch		
867132695	20.8814080	82.5252440		ditch		
867132696	20.8784498	82.5245561		ditch		
867132697	20.8730992	82.5299827		ditch		
867132702	20.8701059	82.5220726		ditch		
867132703	20.8634812	82.5234261		ditch		
867132704	20.8646898	82.5252460		ditch		
867132705	20.8668986	82.5239246		ditch		
868822376	20.1563399	82.5447745		ditch		
868822383	20.1590000	82.5250403		ditch		
868822384	20.1568434	82.5364356		ditch		
868822385	20.1444648	82.5524805		ditch		
868822386	20.1443113	82.5513782		ditch		
868822387	20.1441615	82.5502517		ditch		
868822388	20.1448425	82.5551387		ditch		
868822393	20.1468356	82.5454438		ditch		
868822394	20.1497050	82.5406480		ditch		
868822395	20.1490982	82.5285036		ditch		
868822396	20.1514387	82.5339961		ditch		
868822397	20.1532359	82.5273301		ditch		
868822398	20.1535071	82.5260494		ditch		
868822399	20.1537753	82.5247813		ditch		
868822400	20.1553868	82.5233678		ditch		
868822401	20.1558108	82.5226552		ditch		
868822402	20.1545686	82.5240505		ditch		
868822403	20.1568409	82.5221715		ditch		
868822404	20.1564192	82.5220818		ditch		
868822405	20.1579740	82.5235945		ditch		
869881577	20.2456986	82.5609041		ditch		
869881578	20.2462019	82.5609858		ditch		
869881582	20.2400250	82.5640006		ditch		
869881583	20.2402717	82.5635943		ditch		
869881584	20.2405132	82.5633368		ditch		
869881585	20.2431694	82.5623591		ditch		
869881587	20.2280325	82.5672521		ditch		
869881588	20.2266148	82.5688253		ditch		
869881594	20.2446719	82.5457751		ditch		
869881595	20.2455678	82.5456892		ditch		
869881598	20.2315099	82.5478054		ditch		
869881599	20.2357800	82.5460982		ditch		
870235316	20.2812133	85.8617582		drain		
870235317	20.2801815	85.8618091		drain		
870599555	20.2625120	85.7987989		drain		
870599556	20.2583167	85.8014093		drain		
870599558	20.2442261	85.8022232		drain		
870599559	20.2541385	85.8033288		drain		
875058290	20.2839662	85.8244805		drain		
875058291	20.2834073	85.8201423		drain		
875058294	20.2850694	85.8308425		drain		
875058295	20.2841418	85.8269159		drain		
875058296	20.2844653	85.8447667		drain		
875058297	20.2859332	85.8347934		drain		
875058300	20.2837658	85.8552169		drain		
875058301	20.2836828	85.8548251		drain		
875058302	20.2838953	85.8554898		drain		
875058303	20.2826517	85.8586503		drain		
877286350	20.9085842	82.7623819		ditch		
877286351	20.9125449	82.7641536		ditch		
877301936	20.8585082	82.7126296		ditch		
877301937	20.8650514	82.7199751		ditch		
877301938	20.8650356	82.7200297		ditch		
877301939	20.8642619	82.7198451		ditch		
877301940	20.8642816	82.7197702		ditch		
877301941	20.8599045	82.7208241		ditch		
877301942	20.8696736	82.7208254		ditch		
877301943	20.8705539	82.7106786		ditch		
877301944	20.8686454	82.7160282		ditch		
877301945	20.8759355	82.7280808		ditch		
877301946	20.8724459	82.7339876		ditch		
877301947	20.8746904	82.7309708		ditch		
877301948	20.8747448	82.7309196		ditch		
877301949	20.8714248	82.7345992		ditch		
877301950	20.8833063	82.7304646		ditch		
877301952	20.8885387	82.7306181		ditch		
877301953	20.8926910	82.7327539		ditch		
877301954	20.8909387	82.7341440		ditch		
877301955	20.8913953	82.7371010		ditch		
877301956	20.9153071	82.7168088		ditch		
877301957	20.9141539	82.7293959		ditch		
877301958	20.9145216	82.7420363		ditch		
877301959	20.9132902	82.7411860		ditch		
877301960	20.9110712	82.7408655		ditch		
877301961	20.9109525	82.7249097		ditch		
877301962	20.9108047	82.7114900		ditch		
877301963	20.9044858	82.7229447		ditch		
877301964	20.9052680	82.6996640		ditch		
877301965	20.9008386	82.7057030		ditch		
877301966	20.8954718	82.7056947		ditch		
877301967	20.8902402	82.7031708		ditch		
877301968	20.8832047	82.7016556		ditch		
877301969	20.8667155	82.7222832		ditch		
877301970	20.8667737	82.7222268		ditch		
877301971	20.8610812	82.7333084		ditch		
882142179	20.9669298	83.2144900		ditch		
882142180	20.9650038	83.2144430		ditch		
882142181	20.9607368	83.2172566		ditch		
882142182	20.9736909	83.2224052		ditch		
882142183	20.9719828	83.2221771		ditch		
882142184	20.9688897	83.2230717		ditch		
882142187	20.9377019	83.2213349		ditch		
882142188	20.9419917	83.2231977		ditch		
882142189	20.9401994	83.2185012		ditch		
882142192	20.9545427	83.2136210		ditch		
882142193	20.9470857	83.2079521		ditch		
882142194	20.9441413	83.2064156		ditch		
882142195	20.9403278	83.2102823		ditch		
882142196	20.9264100	83.2085500		ditch		
882142197	20.9415500	83.2129276		ditch		
882153484	20.9565021	83.2200347		ditch		
882153485	20.9701538	83.2280183		ditch		
882153492	20.9658391	83.2250552		ditch		
882153493	20.9658015	83.2251705		ditch		
885692282	21.0023026	83.0621666		ditch		
885692283	21.0024673	83.0610656		ditch		
885692284	21.0023502	83.0599343		ditch		
885692285	21.0028366	83.0559620		ditch		
885692286	21.0022733	83.0653726		ditch		
885692287	21.0022006	83.0534602		ditch		
885991014	21.2051682	83.2841939		ditch		
885991015	21.2002632	83.2774591		ditch		
885991016	21.2073825	83.2684359		ditch		
885991017	21.2077801	83.2693653		ditch		
885991018	21.2015060	83.2611765		ditch		
885991019	21.2044443	83.2646594		ditch		
885991020	21.1993742	83.2564478		ditch		
885991021	21.1983768	83.2560732		ditch		
885991022	21.1988053	83.2562721		ditch		
885991023	21.1984590	83.2561501		ditch		
885991024	21.2004782	83.2588456		ditch		
885991025	21.1889871	83.2818979		ditch		
885991026	21.1897937	83.2913152		ditch		
885991027	21.1911317	83.2691266		ditch		
885991028	21.1698687	83.2879564		ditch		
885991029	21.1689995	83.2905916		ditch		
885991030	21.1709455	83.2817759		ditch		
885991033	21.1741719	83.2789489		ditch		
885991034	21.1773852	83.2759441		ditch		
885991035	21.1774553	83.2759693		ditch		
885991036	21.1703752	83.2848255		ditch		
885991037	21.1777341	83.2756055		ditch		
885991038	21.1795799	83.2827080		ditch		
885991039	21.1819632	83.2627993		ditch		
885991040	21.1861886	83.2530360		ditch		
885991041	21.1989624	83.2525108		ditch		
885991042	21.1996754	83.2518570		ditch		
885991043	21.1925454	83.2548123		ditch		
887985654	20.9471483	83.2040990		ditch		
887985655	20.9492136	83.2027150		ditch		
887985663	21.2271255	83.2539989		ditch		
887985664	21.2291307	83.2535295		ditch		
887985665	21.2247684	83.2575871		ditch		
887985666	21.2313521	83.2530467		ditch		
887985667	21.2283307	83.2639177		ditch		
887985668	21.2378662	83.2483099		ditch		
887985669	21.2382349	83.2473752		ditch		
887985670	21.2348248	83.2507307		ditch		
887985671	21.2447236	83.2728455		ditch		
887985672	21.2448262	83.2726684		ditch		
887985673	21.2447536	83.2712401		ditch		
887985674	21.2448074	83.2718182		ditch		
887985675	21.2448762	83.2724578		ditch		
887985676	21.2428961	83.2841617		ditch		
887985677	21.2447149	83.2686370		ditch		
887985678	21.2368334	83.2770082		ditch		
887985679	21.2448874	83.2699728		ditch		
887985680	21.2450186	83.2686693		ditch		
887985681	21.2450287	83.2684560		ditch		
887985682	21.2444462	83.2582717		ditch		
887985683	21.2463948	83.2634523		ditch		
887985684	21.2437312	83.2562171		ditch		
887985685	21.2440837	83.2572417		ditch		
887985694	21.2397024	83.2476381		ditch		
887985695	21.2392373	83.2467454		ditch		
887985696	21.2417387	83.2521441		ditch		
900532537	21.5301479	83.3963203		ditch		
900532538	21.5300794	83.3962553		ditch		
900532539	21.5338321	83.3980483		ditch		
900532541	21.5285084	83.3838708		ditch		
900532542	21.5282128	83.3830546		ditch		
900532543	21.5341320	83.3814709		ditch		
900532544	21.5313107	83.3827202		ditch		
900532545	21.5374174	83.3814179		ditch		
900532552	21.5388052	83.3787793		ditch		
900532553	21.5336899	83.3795156		ditch		
900532554	21.5290834	83.3815843		ditch		
900532555	21.5244432	83.3847210		ditch		
900535222	21.5157291	83.3580378		ditch		
900535223	21.5088486	83.3633924		ditch		
900535224	21.5098227	83.3622690		ditch		
900535225	21.5097479	83.3615139		ditch		
900535226	21.5096974	83.3617385		ditch		
900535227	21.5098658	83.3614736		ditch		
900535234	21.5083486	83.3544725		ditch		
900535235	21.5540304	83.3730580		ditch		
900535236	21.5540025	83.3731383		ditch		
900535237	21.5507441	83.3722882		ditch		
900535238	21.5474106	83.3715410		ditch		
900535239	21.5311438	83.3679459		ditch		
900535240	21.5271638	83.3738344		ditch		
902025111	21.6536113	83.6097502		ditch		
902025112	21.6540721	83.6074771		ditch		
902025113	21.6550917	83.6097329		ditch		
902025114	21.6533542	83.6064700		ditch		
902025115	21.6490852	83.6055828		ditch		
902025116	21.6447836	83.6047619		ditch		
902025117	21.6537231	83.6069648		ditch		
902025118	21.6498378	83.6153394		ditch		
902025119	21.6475131	83.6127330		ditch		
902025120	21.6428442	83.6068298		ditch		
902025121	21.6451646	83.6098044		ditch		
902100568	21.6470669	83.5303925		drain		
902100569	21.6468525	83.5301343		drain		
902100572	21.6492776	83.5332410		drain		
902100573	21.6489186	83.5327669		drain		
902100574	21.6482890	83.5319650		drain		
908553028	21.1512676	83.8151788		ditch		
908556766	21.2323584	83.7161248		ditch		
917182978	21.2783163	83.7446514		ditch		
917182979	21.2728994	83.7465611		ditch		
917183001	21.2875191	83.7534391		ditch		
917183008	21.2771285	83.7621689		ditch		
917183009	21.2805076	83.7622051		ditch		
917183010	21.2945331	83.7627147		ditch		
917584503	21.2506808	83.7158645		ditch		
922734156	21.4735797	83.7756041		ditch		
923046039	21.4888817	83.7975217		drain		
923046040	21.4886614	83.7986844		drain		
923046041	21.4896185	83.7973527		drain		
923046042	21.4893740	83.7965535		drain		
923046043	21.4890688	83.7983177		drain		
923046044	21.4865739	83.7962530		drain		
923046045	21.4889328	83.7990234		drain		
923046046	21.4893065	83.7985403		drain		
923046047	21.4898000	83.7979476		drain		
923046048	21.4844385	83.7979577		drain		
923046049	21.4856821	83.8010445		drain		
923046050	21.4840660	83.8014693		drain		
923046051	21.4840448	83.8010987		drain		
923046052	21.4854724	83.8007085		drain		
923046086	21.4892061	83.7984450		drain		
923046089	21.4847343	83.8011179		drain		
923314340	21.4675775	83.7728813		ditch		
923314341	21.4673631	83.7728384		ditch		
923462327	21.4651207	83.8003154		ditch		
924946003	21.4820238	83.6695089		ditch		
924946004	21.4821614	83.6694169		ditch		
924946062	21.4564237	83.6754913		ditch		
924946063	21.4535617	83.6766366		ditch		
924946064	21.4674627	83.6686107		ditch		
924946065	21.4675288	83.6686979		ditch		
924946066	21.4717110	83.6725593		ditch		
924946067	21.4717441	83.6725637		ditch		
924946068	21.4696237	83.6706472		ditch		
924946071	21.4715291	83.6734407		ditch		
924946072	21.4734070	83.6716474		ditch		
924946075	21.4752988	83.6699297		ditch		
924946076	21.4639925	83.6744720		ditch		
924946077	21.4786445	83.6697527		ditch		
925539980	21.3287129	83.6257611		ditch		
925539981	21.3281676	83.6255834		ditch		
925540064	21.3353311	83.6275275		ditch		
925858812	21.2297870	83.6534120		ditch		
927286259	21.4466853	83.7155616		ditch		
927286260	21.4469246	83.7153203		ditch		
927286261	21.4372392	83.7231971		ditch		
927286262	21.4385989	83.7134915		ditch		
927286263	21.4386017	83.7136385		ditch		
927286268	21.4350312	83.7108361		ditch		
929140184	21.4527506	83.7943708		ditch		
929140185	21.4464140	83.7925710		ditch		
932209921	21.1590598	83.3496948		ditch		
932209923	21.1751165	83.3472754		ditch		
932209924	21.1561777	83.3381801		ditch		
932209936	21.1176638	83.3284838		ditch		
933034762	21.1511153	83.2537797		ditch		
933034763	21.1505319	83.2543014		ditch		
933034764	21.1512892	83.2512148		ditch		
933034765	21.1525255	83.2498032		ditch		
933034766	21.1579081	83.2491723		ditch		
933034767	21.1609626	83.2458510		ditch		
933034768	21.1611374	83.2451640		ditch		
933034769	21.1611180	83.2451570		ditch		
933034770	21.1613227	83.2452770		ditch		
933034771	21.1594939	83.2475938		ditch		
933034772	21.1601612	83.2470586		ditch		
933034773	21.1607733	83.2465349		ditch		
933034774	21.1608693	83.2462091		ditch		
933034775	21.1610310	83.2455178		ditch		
933034776	21.1611004	83.2451932		ditch		
933034777	21.1612655	83.2437964		ditch		
933034778	21.1614125	83.2421319		ditch		
933034779	21.1615426	83.2410067		ditch		
933034780	21.1586960	83.2483797		ditch		
933050955	21.1766148	83.2495310		ditch		
933050956	21.1776828	83.2482395		ditch		
933050957	21.1735322	83.2534471		ditch		
933050958	21.1767436	83.2543328		ditch		
933050959	21.1703776	83.2564384		ditch		
933050960	21.1682260	83.2560870		ditch		
933050961	21.1692703	83.2564525		ditch		
933050964	21.1675157	83.2550912		ditch		
933050965	21.1676907	83.2568260		ditch		
933050966	21.1676171	83.2568375		ditch		
933050967	21.1706208	83.2592292		ditch		
933050968	21.1675472	83.2568303		ditch		
933050975	21.1585309	83.2729286		ditch		
933050976	21.1588598	83.2676976		ditch		
933050977	21.1587460	83.2790346		ditch		
933050978	21.1655071	83.2723787		ditch		
933050979	21.1636511	83.2779531		ditch		
933050982	21.1660586	83.2615922		ditch		
933050983	21.1658161	83.2642610		ditch		
933050984	21.1652964	83.2665691		ditch		
933050985	21.1651410	83.2683313		ditch		
933050986	21.1634577	83.2710939		ditch		
933050987	21.1649045	83.2691176		ditch		
933050988	21.1639612	83.2664380		ditch		
933050989	21.1645044	83.2687159		ditch		
933050990	21.1649500	83.2700680		ditch		
933050991	21.1650531	83.2712187		ditch		
933050992	21.1655390	83.2722976		ditch		
933050993	21.1666289	83.2725846		ditch		
933050997	21.1583821	83.2611805		ditch		
933050998	21.1585403	83.2605824		ditch		
933050999	21.1581295	83.2624519		ditch		
933051000	21.1582971	83.2618041		ditch		
933051003	21.1609285	83.2556451		ditch		
933051004	21.1596547	83.2547191		ditch		
933051005	21.1603122	83.2540954		ditch		
933051006	21.1570638	83.2573836		ditch		
933051007	21.1570007	83.2580444		ditch		
933051008	21.1551409	83.2741664		ditch		
933051009	21.1548570	83.2736139		ditch		
933051010	21.1556837	83.2657047		ditch		
933051011	21.1545374	83.2731767		ditch		
933051012	21.1555586	83.2798963		ditch		
933051013	21.1556706	83.2675072		ditch		
933051014	21.1569476	83.2618356		ditch		
933051015	21.1573102	83.2611289		ditch		
933051016	21.1574365	83.2605958		ditch		
933051017	21.1575447	83.2600567		ditch		
933051018	21.1571358	83.2614581		ditch		
933051019	21.1621372	83.2518525		ditch		
933051020	21.1649136	83.2567207		ditch		
933051021	21.1593170	83.2545247		ditch		
933051022	21.1615595	83.2481624		ditch		
933051023	21.1617170	83.2500252		ditch		
933051025	21.1616111	83.2467847		ditch		
933057726	21.1472541	83.3137639		ditch		
933547334	21.2211931	83.2611041		ditch		
933547335	21.2187233	83.2626624		ditch		
934482104	21.0391868	83.4460195		ditch		
934482105	21.0320982	83.4645925		ditch		
934482108	21.0240370	83.5332530		ditch		
934482109	21.0184916	83.5190199		ditch		
934482110	21.0152615	83.5108848		ditch		
934639980	21.1551525	83.7276488		ditch		
934639981	21.1855384	83.7154917		ditch		
934639982	21.1825454	83.7115985		ditch		
934639984	21.1827299	83.6943466		ditch		
934781939	21.1627232	83.7472049		ditch		
934781940	21.1648205	83.7491307		ditch		
934786226	21.1845943	83.7001159		ditch		
934786227	21.1835283	83.7058660		ditch		
937811881	21.1791384	83.8660843		ditch		
937811882	21.1774489	83.8683663		ditch		
937811883	21.1905748	83.8571908		ditch		
937814834	21.2023712	83.8785747		ditch		
937814835	21.2010697	83.8805676		ditch		
937814838	21.2051888	83.8700124		ditch		
939056315	21.2301765	83.7850039		ditch		
939056316	21.2299570	83.7845171		ditch		
939056317	21.2308058	83.7867326		ditch		
939056318	21.2330241	83.7886874		ditch		
939056320	21.2330711	83.7887802		ditch		
939313633	19.0006418	83.0002952		ditch		
939525470	21.2319899	83.7676709		ditch		
939533962	21.2200316	83.7687618		ditch		
939533963	21.2261023	83.7706738		ditch		
939533964	21.2299473	83.7720421		ditch		
939533965	21.2366125	83.7754549		ditch		
940402026	21.1720816	83.8205559		ditch		
940402027	21.1662568	83.8385159		ditch		
940402028	21.1779409	83.8219433		ditch		
940969818	21.3931064	83.6810381		ditch		
940969827	21.4021780	83.6577699		ditch		
940969828	21.4015636	83.6579490		ditch		
940969833	21.4079870	83.6593900		ditch		
942703857	21.0905482	82.8171781		ditch		
942703858	21.0980882	82.8084994		ditch		
942703859	21.0936744	82.8132805		ditch		
942703860	21.0977975	82.8060090		ditch		
942703861	21.0978953	82.8058673		ditch		
942703862	21.0977597	82.8072207		ditch		
948223814	20.9041091	83.2294581		ditch		
948223815	20.9045489	83.2294419		ditch		
948223816	20.9048878	83.2294265		ditch		
948223817	20.9085133	83.2259423		ditch		
948223818	20.9010935	83.2312350		ditch		
948223819	20.9025549	83.2303298		ditch		
948223820	20.9010603	83.2312585		ditch		
948223821	20.9059727	83.2339313		ditch		
948223822	20.9049203	83.2338964		ditch		
948223823	20.9069737	83.2340433		ditch		
948223824	20.9038923	83.2338541		ditch		
948223825	20.9038623	83.2338481		ditch		
948223826	20.9044543	83.2378896		ditch		
948223827	20.9044072	83.2378365		ditch		
948223828	20.8967980	83.2334760		ditch		
948223829	20.8969966	83.2330770		ditch		
948223830	20.8971890	83.2326921		ditch		
948223831	20.9007934	83.2344013		ditch		
948223832	20.8956178	83.2349109		ditch		
948223833	20.8962204	83.2342237		ditch		
948223834	20.8938762	83.2359503		ditch		
948223835	20.8935793	83.2365003		ditch		
948223836	20.8947345	83.2353844		ditch		
949116718	20.8683951	82.9574453		ditch		
949116719	20.8683063	82.9574323		ditch		
949116720	20.8704962	82.9590088		ditch		
949116721	20.8593557	82.9670092		ditch		
949116722	20.8580956	82.9695493		ditch		
949116723	20.8627092	82.9624133		ditch		
949116724	20.8630927	82.9623449		ditch		
949116725	20.8634780	82.9622799		ditch		
949116726	20.8641510	82.9618514		ditch		
949116727	20.8650413	82.9599722		ditch		
949116728	20.8650608	82.9598556		ditch		
949116729	20.8647670	82.9613498		ditch		
949116730	20.8649067	82.9606558		ditch		
949116731	20.8609936	82.9646905		ditch		
949172595	20.8646109	82.9621914		ditch		
949172596	20.8646121	82.9621109		ditch		
949172597	20.8654834	82.9735052		ditch		
949172598	20.8650173	82.9734780		ditch		
949172599	20.8662018	82.9723998		ditch		
949172600	20.8664280	82.9718715		ditch		
949172601	20.8665814	82.9712522		ditch		
949172602	20.8664148	82.9704971		ditch		
949172603	20.8662625	82.9697753		ditch		
949172604	20.8659022	82.9683544		ditch		
949172605	20.8655257	82.9668946		ditch		
949172606	20.8654724	82.9654556		ditch		
949172607	20.8654342	82.9640400		ditch		
949172608	20.8650088	82.9631167		ditch		
949172609	20.8658256	82.9729198		ditch		
950189295	20.9248419	83.0859464		ditch		
950189296	20.9305691	83.0911043		ditch		
950189297	20.9332822	83.0912324		ditch		
950189302	20.9362552	83.0998450		ditch		
950189303	20.9366914	83.1015757		ditch		
950189304	20.9369432	83.1025949		ditch		
950189305	20.9370919	83.1035927		ditch		
950189306	20.9369691	83.1047695		ditch		
950189307	20.9399157	83.1087150		ditch		
950189308	20.9357585	83.1124547		ditch		
950189309	20.9371626	83.1099374		ditch		
950189314	20.9505414	83.1126345		ditch		
950189315	20.9348028	83.0954428		ditch		
950189316	20.9436345	83.0992763		ditch		
950189317	20.9424393	83.0996844		ditch		
950189320	20.9427602	83.0995999		ditch		
950189321	20.9464476	83.0998054		ditch		
950189322	20.9380886	83.0965827		ditch		
950189323	20.9417213	83.0873496		ditch		
950189324	20.9433677	83.0818554		ditch		
950189325	20.9573256	83.0822122		ditch		
950189326	20.9569260	83.0805190		ditch		
950189327	20.9545288	83.0874015		ditch		
950189328	20.9614697	83.1011861		ditch		
950189329	20.9624991	83.0988761		ditch		
950189330	20.9613091	83.0993735		ditch		
950189331	20.9622308	83.1053187		ditch		
950189343	20.8956074	83.0589068		ditch		
950190098	20.9283926	83.0803989		ditch		
950190099	20.9283463	83.0805210		ditch		
950190100	20.9261996	83.0790190		ditch		
950190101	20.9264071	83.0763348		ditch		
951486763	20.8777020	82.7388314		ditch		
951486764	20.8786875	82.7378169		ditch		
951486767	20.8792859	82.7434937		ditch		
951499256	20.9100387	82.7347682		ditch		
951499257	20.9095006	82.7404672		ditch		
951499329	20.8829570	82.7322831		ditch		
951499330	20.8829532	82.7323281		ditch		
951556852	20.9114561	82.7158016		ditch		
951556853	20.9114020	82.7158225		ditch		
951556858	20.9063413	82.7155940		ditch		
951556859	20.9063526	82.7155329		ditch		
952432286	20.9168417	82.7330749		ditch		
952432287	20.9176203	82.7348219		ditch		
952510440	20.7486657	86.9504020		ditch		
952510441	20.7365078	86.9474905		ditch		
952510442	20.7345977	86.9538220		ditch		
952510448	20.7325124	86.9727046		ditch		
952510449	20.7393085	86.9876158		ditch		
952510453	20.7469299	86.9611644		ditch		
952510455	20.7486824	86.9720048		ditch		
952510456	20.7494752	86.9659984		ditch		
952510457	20.7542320	86.9711276		ditch		
952510458	20.7533301	86.9736074		ditch		
952656168	20.7401374	86.9393832		ditch		
952656179	20.7284139	86.9722313		ditch		
952656187	20.7217775	86.9852561		ditch		
956260754	21.2445868	83.2806306		ditch		
956260755	21.2441136	83.2767515		ditch		
956264707	21.2402549	83.2717081		ditch		
965676380	20.7030872	83.5047291		ditch		
965676381	20.7032647	83.5047144		ditch		
965676382	20.7031831	83.5047211		ditch		
965676383	20.7065703	83.5189623		ditch		
965676384	20.7067916	83.5188000		ditch		
965676385	20.7066850	83.5188811		ditch		
965676386	20.7027115	83.5018940		ditch		
965676387	20.7027817	83.5018678		ditch		
965676388	20.7028419	83.5018444		ditch		
965676389	20.7032245	83.5069439		ditch		
965676390	20.7033105	83.5069346		ditch		
965676391	20.7033801	83.5069252		ditch		
965676392	20.7042752	83.5147492		ditch		
965676393	20.7044219	83.5146848		ditch		
965676394	20.7045587	83.5146244		ditch		
965676395	20.7048616	83.5158857		ditch		
965676396	20.7049551	83.5158361		ditch		
965676397	20.7050561	83.5157825		ditch		
965676398	20.7121269	83.5281033		ditch		
965676399	20.7120328	83.5281877		ditch		
965676400	20.7122166	83.5280281		ditch		
965676401	20.7141038	83.5341449		ditch		
965676402	20.7141879	83.5341449		ditch		
965676403	20.7142600	83.5341422		ditch		
965676404	20.7143278	83.5371363		ditch		
965676405	20.7144306	83.5371309		ditch		
965676406	20.7145284	83.5371242		ditch		
965676407	20.7145623	83.5396696		ditch		
965676408	20.7146520	83.5396562		ditch		
965676409	20.7147273	83.5396454		ditch		
965676410	20.7176374	83.5507391		ditch		
965676411	20.7177560	83.5507008		ditch		
965676412	20.7178652	83.5506626		ditch		
965676413	20.7187664	83.5543836		ditch		
965676414	20.7188717	83.5543487		ditch		
965676415	20.7189765	83.5543131		ditch		
965676416	20.7201023	83.5588527		ditch		
965676417	20.7201995	83.5588172		ditch		
965676418	20.7202943	83.5587797		ditch		
965676419	20.7223307	83.5662134		ditch		
965676420	20.7224580	83.5661738		ditch		
965676421	20.7225752	83.5661396		ditch		
965676422	20.7228882	83.5681378		ditch		
965676423	20.7235147	83.5701858		ditch		
965676424	20.7237493	83.5700932		ditch		
965676425	20.7231604	83.5680434		ditch		
965676426	20.7230206	83.5680923		ditch		
965676427	20.7236408	83.5701348		ditch		
965676428	20.7244686	83.5730209		ditch		
965676429	20.7246637	83.5729304		ditch		
965676430	20.7245665	83.5729760		ditch		
965676431	20.7255524	83.5752544		ditch		
965676432	20.7256402	83.5751954		ditch		
965676433	20.7257293	83.5751412		ditch		
965676434	20.7271128	83.5776228		ditch		
965676435	20.7272119	83.5775330		ditch		
965676436	20.7273072	83.5774545		ditch		
965676437	20.7289460	83.5799899		ditch		
965676438	20.7290413	83.5799101		ditch		
965676439	20.7291278	83.5798417		ditch		
965676440	20.7353082	83.5908052		ditch		
965676441	20.7354543	83.5908032		ditch		
965676442	20.7355841	83.5907992		ditch		
965676443	20.7351257	83.5889197		ditch		
965676444	20.7352737	83.5888834		ditch		
965676445	20.7354079	83.5888505		ditch		
965676446	20.7340897	83.5866834		ditch		
965676447	20.7341875	83.5866063		ditch		
965676448	20.7342822	83.5865271		ditch		
965696300	20.7352178	83.6237273		ditch		
965696301	20.7350335	83.6237287		ditch		
965696302	20.7348329	83.6237273		ditch		
965696320	20.7353414	83.6102714		ditch		
965696321	20.7351721	83.6102660		ditch		
965696322	20.7349902	83.6102633		ditch		
965696325	20.7353301	83.6064439		ditch		
965696326	20.7351106	83.6064492		ditch		
965696327	20.7352210	83.6064466		ditch		
965696328	20.7353552	83.6043262		ditch		
965696329	20.7352323	83.6043289		ditch		
965696330	20.7351181	83.6043236		ditch		
965696333	20.7351865	83.5972164		ditch		
965696334	20.7353037	83.5972197		ditch		
965696335	20.7354216	83.5972211		ditch		
965696336	20.7352486	83.5946609		ditch		
965696337	20.7354116	83.5946555		ditch		
965696338	20.7355609	83.5946542		ditch		
965735885	20.2454407	84.9680082		drain		
965735886	20.2453816	84.9677574		drain		
965735887	20.2453324	84.9675362		drain		
976213283	21.8934030	84.9272629		ditch		
976213284	21.8945778	84.9228131		ditch		
976213287	21.9207969	84.9436734		ditch		
976213288	21.9248814	84.9389640		ditch		
976213289	21.9176504	84.9464361		ditch		
976213290	21.9166085	84.9880550		ditch		
976213291	21.9250643	84.9851315		ditch		
976213292	21.9283364	84.9925585		ditch		
976213296	21.9388247	84.9591650		ditch		
976213299	21.9385983	84.9558190		ditch		
976213301	21.9383160	84.9977043		ditch		
976406405	21.9217401	84.9410989		ditch		
976406406	21.9212947	84.9423355		ditch		
980987055	18.8432579	83.8966959		drain		
980987074	19.0575190	83.8093309		drain		
1013409033	21.1975722	83.6085494		ditch		
1065030303	20.5632387	86.6864901		drain		
1065030304	20.5655416	86.6884616		drain		
1122678725	20.4643679	85.8743752		drain		
1122679548	20.4656905	85.8746009		drain		
1128437590	21.9274205	86.7378261		drain		
1128437591	21.9379115	86.7323180		drain		
1128437592	21.9319299	86.7372424		drain		
1144264045	18.5468047	82.1974141		ditch		
1145291020	18.5381624	82.1938894		ditch		
1156787804	21.9423874	86.7359008		drain		
1156787805	21.9405850	86.7329144		drain		
1157006054	21.9218350	86.7284853		drain		
1157006055	21.9276269	86.7288740		drain		
1157012573	21.9343637	86.7326353		drain		
1157012574	21.9352986	86.7332100		drain		
1170888278	20.4126453	86.6168081		ditch		
1170888284	20.4145939	86.6157525		ditch		
1170888288	20.4146318	86.6158454		ditch		
1170919511	20.3898015	86.6155600		ditch		
1170919514	20.3906113	86.6150348		ditch		
1170919515	20.3910142	86.6151528		ditch		
1183909513	20.4402345	86.4838596		ditch		
1183909528	20.4043899	83.3008873		ditch		
1183909536	21.0071485	84.4659613		ditch		
1183909578	21.8793353	83.7671551		ditch		
1183909591	19.3133094	84.8462772		ditch		
1183909614	19.5213577	85.0857975		drain		
1183909616	19.2325182	83.4033692		ditch		
1204411868	22.1825505	83.7648719		ditch		
1204411869	22.1836130	83.7648546		ditch		
1214479585	20.4525768	85.9191537		ditch		
1214479586	20.4523321	85.9200343		ditch		
1219871402	20.2838503	85.8211100		drain		
1219871403	20.2842893	85.8220850		drain		
1282092226	20.4656896	85.8760401		drain		
1282092227	20.4647340	85.8755194		drain		
1282094129	20.4636733	85.8725187		drain		
1282095010	20.4621385	85.8709100		drain		
1302062018	21.0568948	84.3425199		ditch		
1302062019	21.0424863	84.3456817		ditch		
1302091448	21.0189218	84.3494255		ditch		
1337725751	20.2390927	85.8422025		drain		
1416509697	20.4612119	85.8694601		drain		
1416509698	20.4612106	85.8700218		drain		
1447102530	20.3106990	85.8871481		ditch		
1455169936	19.5406603	84.8558091		ditch		
1455169937	19.5371443	84.8540723		ditch		
1455169938	19.5451729	84.8573324		ditch		
1455170476	19.5423252	84.8594496		ditch		
1455350696	19.5286112	84.8713087		ditch		
1455350697	19.5298477	84.8683766		ditch		
1455350698	19.5289639	84.9293137		ditch		
1455350699	19.5312293	84.8480024		ditch		
1455350700	19.5312780	84.8654007		ditch		
1455477360	19.5402377	84.8571760		ditch		
1455477361	19.5397850	84.8585452		ditch		
1455598485	19.5333925	84.8547076		ditch		
1456618367	19.5300493	84.8814743		ditch		
1456618368	19.5313109	84.8916571		ditch		
1460080852	19.5449212	84.8604801		ditch		
1461427184	19.5331377	84.9028787		ditch		
1461427185	19.5349801	84.9141091		ditch		
1461427186	19.5147532	84.9524511		ditch		
1461427187	19.5230960	84.9445244		ditch		
1462525921	20.2517912	85.7860432		drain		
1463608914	19.5374908	84.8592391		drain		
1463608915	19.5397650	84.8585748		drain		
1463608916	19.5397145	84.8585648		drain		
1463608917	19.5396665	84.8585554		drain		
1463608925	19.5393473	84.8585868		drain		
1463608926	19.5386529	84.8588366		drain		
1463608927	19.5388238	84.8587500		drain		
1463608928	19.5390060	84.8586574		drain		
1479215829	19.5470853	84.7971970		ditch		
1479215830	19.5428350	84.7994488		ditch		
1479215831	19.5356593	84.8150523		ditch		
1479215832	19.5280471	84.8306434		ditch		
1483958477	20.8511047	85.1278403		ditch		
1483958484	20.8400518	85.1284201		ditch		
1483958485	20.8431840	85.1297672		ditch		
1483958488	20.8533730	85.1339269		ditch		
1483961190	20.8074337	85.1531723		ditch		
1483961195	20.8114407	85.1470523		ditch		
1483961217	20.8261057	85.1158808		ditch		
1483963179	20.8266371	85.1212353		ditch		
1483963183	20.8177212	85.1123015		ditch		
1483963208	20.8166391	85.1008662		ditch		
1483963209	20.8162643	85.1022601		ditch		
1483963210	20.8161343	85.1055923		ditch		
1483963211	20.8160591	85.1089160		ditch		
1484056574	20.8095375	85.1631311		ditch		
1484056575	20.8133003	85.1720179		ditch		
1484056579	20.8050108	85.1699172		ditch		
1488641422	19.1846402	84.4136312		ditch		
1488641423	19.1815626	84.4066314		ditch		
1488645320	19.1984730	84.4296391		ditch		
1488645321	19.2093217	84.4387040		ditch		
1489259872	20.7645325	85.4290643		ditch		
1489294965	20.7250706	85.5337298		ditch		
1489294995	20.7210450	85.5386390		ditch		
1489294998	20.7122805	85.5555342		ditch		
1489295015	20.7162455	85.5302330		ditch		
1489295016	20.7177657	85.5312048		ditch		
1489295017	20.7171490	85.5307723		ditch		
1489296008	20.7149363	85.5570167		ditch		
1489296032	20.7174068	85.5711597		ditch		
1489296034	20.7213258	85.5749521		ditch		
1489442755	20.7200239	85.5799640		ditch		
1489442760	20.6989808	85.5776599		ditch		
1493511246	20.4162226	85.3808436		ditch		
1493511252	20.4144089	85.3848706		ditch		
